[array([  0.,   0.,   0., 193.])]:[array([5.20000e+01, 7.34318e+05, 7.18200e+03, 7.18200e+03])]:[array([2.0000e+00, 1.9608e+04, 1.5400e+04, 1.5400e+04])]:[array([    0., 20161.,  2823.,  2823.])]:[array([   0., 8701.,  893.,  893.])]:[array([1.0000e+00, 2.4128e+04, 1.6882e+04, 1.6882e+04])]:[array([    0., 13020., 12636., 12636.])]:[array([    0., 10068.,  1335.,  1335.])]:[array([2.00000e+00, 1.47821e+05, 4.57910e+04, 4.57910e+04])]:
[array([  0.,   0., 193.,   0.])]:[array([734318.,   7182.,   7182., 295898.])]:[array([19608., 15400., 15400., 62277.])]:[array([20161.,  2823.,  2823.,  7011.])]:[array([8701.,  893.,  893., 1842.])]:[array([24128., 16882., 16882., 57526.])]:[array([13020., 12636., 12636., 39711.])]:[array([10068.,  1335.,  1335.,  1859.])]:[array([147821.,  45791.,  45791.,  38186.])]:
[array([  0., 193.,   0., 108.])]:[array([  7182.,   7182., 295898., 295898.])]:[array([15400., 15400., 62277., 62277.])]:[array([2823., 2823., 7011., 7011.])]:[array([ 893.,  893., 1842., 1842.])]:[array([16882., 16882., 57526., 57526.])]:[array([12636., 12636., 39711., 39711.])]:[array([1335., 1335., 1859., 1859.])]:[array([45791., 45791., 38186., 38186.])]:
[array([193.,   0., 108.,   0.])]:[array([  7182., 295898., 295898.,  33986.])]:[array([15400., 62277., 62277.,  4100.])]:[array([2823., 7011., 7011., 7506.])]:[array([ 893., 1842., 1842.,  882.])]:[array([16882., 57526., 57526.,  3531.])]:[array([12636., 39711., 39711., 10008.])]:[array([1335., 1859., 1859., 1460.])]:[array([45791., 38186., 38186., 30311.])]:
[array([  0., 108.,   0., 186.])]:[array([295898., 295898.,  33986.,  33986.])]:[array([62277., 62277.,  4100.,  4100.])]:[array([7011., 7011., 7506., 7506.])]:[array([1842., 1842.,  882.,  882.])]:[array([57526., 57526.,  3531.,  3531.])]:[array([39711., 39711., 10008., 10008.])]:[array([1859., 1859., 1460., 1460.])]:[array([38186., 38186., 30311., 30311.])]:
[array([108.,   0., 186.,  95.])]:[array([295898.,  33986.,  33986.,  33986.])]:[array([62277.,  4100.,  4100.,  4100.])]:[array([7011., 7506., 7506., 7506.])]:[array([1842.,  882.,  882.,  882.])]:[array([57526.,  3531.,  3531.,  3531.])]:[array([39711., 10008., 10008., 10008.])]:[array([1859., 1460., 1460., 1460.])]:[array([38186., 30311., 30311., 30311.])]:
[array([  0., 186.,  95.,   0.])]:[array([ 33986.,  33986.,  33986., 347540.])]:[array([4100., 4100., 4100., 4102.])]:[array([7506., 7506., 7506., 2283.])]:[array([882., 882., 882., 581.])]:[array([3531., 3531., 3531., 5086.])]:[array([10008., 10008., 10008.,  2890.])]:[array([1460., 1460., 1460.,  504.])]:[array([30311., 30311., 30311., 31501.])]:
[array([186.,  95.,   0.,  54.])]:[array([ 33986.,  33986., 347540., 347540.])]:[array([4100., 4100., 4102., 4102.])]:[array([7506., 7506., 2283., 2283.])]:[array([882., 882., 581., 581.])]:[array([3531., 3531., 5086., 5086.])]:[array([10008., 10008.,  2890.,  2890.])]:[array([1460., 1460.,  504.,  504.])]:[array([30311., 30311., 31501., 31501.])]:
[array([95.,  0., 54.,  0.])]:[array([  33986.,  347540.,  347540., 1218196.])]:[array([ 4100.,  4102.,  4102., 68934.])]:[array([ 7506.,  2283.,  2283., 27426.])]:[array([ 882.,  581.,  581., 9956.])]:[array([ 3531.,  5086.,  5086., 84705.])]:[array([10008.,  2890.,  2890.,  3894.])]:[array([ 1460.,   504.,   504., 19751.])]:[array([ 30311.,  31501.,  31501., 469556.])]:
[array([ 0., 54.,  0.,  0.])]:[array([ 347540.,  347540., 1218196.,  358773.])]:[array([ 4102.,  4102., 68934., 64059.])]:[array([ 2283.,  2283., 27426., 32730.])]:[array([ 581.,  581., 9956., 6714.])]:[array([ 5086.,  5086., 84705., 49542.])]:[array([ 2890.,  2890.,  3894., 34950.])]:[array([  504.,   504., 19751., 10404.])]:[array([ 31501.,  31501., 469556., 773671.])]:
[array([54.,  0.,  0.,  0.])]:[array([ 347540., 1218196.,  358773.,   18290.])]:[array([ 4102., 68934., 64059.,  1113.])]:[array([ 2283., 27426., 32730.,  5268.])]:[array([ 581., 9956., 6714., 2389.])]:[array([ 5086., 84705., 49542., 33272.])]:[array([ 2890.,  3894., 34950.,  7928.])]:[array([  504., 19751., 10404.,  2464.])]:[array([ 31501., 469556., 773671.,   3001.])]:
[array([0., 0., 0., 0.])]:[array([1218196.,  358773.,   18290.,   59340.])]:[array([68934., 64059.,  1113., 43079.])]:[array([27426., 32730.,  5268., 85961.])]:[array([9956., 6714., 2389., 7875.])]:[array([84705., 49542., 33272., 62127.])]:[array([  3894.,  34950.,   7928., 116637.])]:[array([19751., 10404.,  2464., 32715.])]:[array([469556., 773671.,   3001.,  62160.])]:
[array([  0.,   0.,   0., 201.])]:[array([358773.,  18290.,  59340.,  59340.])]:[array([64059.,  1113., 43079., 43079.])]:[array([32730.,  5268., 85961., 85961.])]:[array([6714., 2389., 7875., 7875.])]:[array([49542., 33272., 62127., 62127.])]:[array([ 34950.,   7928., 116637., 116637.])]:[array([10404.,  2464., 32715., 32715.])]:[array([773671.,   3001.,  62160.,  62160.])]:
[array([  0.,   0., 201., 171.])]:[array([18290., 59340., 59340., 59340.])]:[array([ 1113., 43079., 43079., 43079.])]:[array([ 5268., 85961., 85961., 85961.])]:[array([2389., 7875., 7875., 7875.])]:[array([33272., 62127., 62127., 62127.])]:[array([  7928., 116637., 116637., 116637.])]:[array([ 2464., 32715., 32715., 32715.])]:[array([ 3001., 62160., 62160., 62160.])]:
[array([  0., 201., 171.,   0.])]:[array([ 59340.,  59340.,  59340., 279486.])]:[array([43079., 43079., 43079., 33396.])]:[array([85961., 85961., 85961.,  5785.])]:[array([7875., 7875., 7875.,  561.])]:[array([62127., 62127., 62127., 34240.])]:[array([116637., 116637., 116637.,   4195.])]:[array([32715., 32715., 32715.,  2067.])]:[array([62160., 62160., 62160., 86990.])]:
[array([201., 171.,   0.,  54.])]:[array([ 59340.,  59340., 279486., 279486.])]:[array([43079., 43079., 33396., 33396.])]:[array([85961., 85961.,  5785.,  5785.])]:[array([7875., 7875.,  561.,  561.])]:[array([62127., 62127., 34240., 34240.])]:[array([116637., 116637.,   4195.,   4195.])]:[array([32715., 32715.,  2067.,  2067.])]:[array([62160., 62160., 86990., 86990.])]:
[array([171.,   0.,  54.,   0.])]:[array([  59340.,  279486.,  279486., 1531514.])]:[array([43079., 33396., 33396.,  1737.])]:[array([85961.,  5785.,  5785.,  2093.])]:[array([7875.,  561.,  561.,  838.])]:[array([62127., 34240., 34240.,  7125.])]:[array([116637.,   4195.,   4195.,   1881.])]:[array([32715.,  2067.,  2067.,  1639.])]:[array([62160., 86990., 86990., 55445.])]:
[array([  0.,  54.,   0., 205.])]:[array([ 279486.,  279486., 1531514., 1531514.])]:[array([33396., 33396.,  1737.,  1737.])]:[array([5785., 5785., 2093., 2093.])]:[array([561., 561., 838., 838.])]:[array([34240., 34240.,  7125.,  7125.])]:[array([4195., 4195., 1881., 1881.])]:[array([2067., 2067., 1639., 1639.])]:[array([86990., 86990., 55445., 55445.])]:
[array([ 54.,   0., 205., 155.])]:[array([ 279486., 1531514., 1531514., 1531514.])]:[array([33396.,  1737.,  1737.,  1737.])]:[array([5785., 2093., 2093., 2093.])]:[array([561., 838., 838., 838.])]:[array([34240.,  7125.,  7125.,  7125.])]:[array([4195., 1881., 1881., 1881.])]:[array([2067., 1639., 1639., 1639.])]:[array([86990., 55445., 55445., 55445.])]:
[array([  0., 205., 155.,   0.])]:[array([1531514., 1531514., 1531514., 1365302.])]:[array([  1737.,   1737.,   1737., 281359.])]:[array([ 2093.,  2093.,  2093., 45009.])]:[array([  838.,   838.,   838., 18120.])]:[array([ 7125.,  7125.,  7125., 82151.])]:[array([ 1881.,  1881.,  1881., 46091.])]:[array([ 1639.,  1639.,  1639., 39884.])]:[array([ 55445.,  55445.,  55445., 818991.])]:
[array([205., 155.,   0.,   0.])]:[array([1531514., 1531514., 1365302.,  343989.])]:[array([  1737.,   1737., 281359.,  22046.])]:[array([ 2093.,  2093., 45009., 10973.])]:[array([  838.,   838., 18120.,  3839.])]:[array([ 7125.,  7125., 82151.,  6796.])]:[array([ 1881.,  1881., 46091.,  7115.])]:[array([ 1639.,  1639., 39884.,  5294.])]:[array([ 55445.,  55445., 818991.,  50818.])]:
[array([155.,   0.,   0., 202.])]:[array([1531514., 1365302.,  343989.,  343989.])]:[array([  1737., 281359.,  22046.,  22046.])]:[array([ 2093., 45009., 10973., 10973.])]:[array([  838., 18120.,  3839.,  3839.])]:[array([ 7125., 82151.,  6796.,  6796.])]:[array([ 1881., 46091.,  7115.,  7115.])]:[array([ 1639., 39884.,  5294.,  5294.])]:[array([ 55445., 818991.,  50818.,  50818.])]:
[array([  0.,   0., 202.,  94.])]:[array([1365302.,  343989.,  343989.,  343989.])]:[array([281359.,  22046.,  22046.,  22046.])]:[array([45009., 10973., 10973., 10973.])]:[array([18120.,  3839.,  3839.,  3839.])]:[array([82151.,  6796.,  6796.,  6796.])]:[array([46091.,  7115.,  7115.,  7115.])]:[array([39884.,  5294.,  5294.,  5294.])]:[array([818991.,  50818.,  50818.,  50818.])]:
[array([  0., 202.,  94.,   0.])]:[array([343989., 343989., 343989., 443314.])]:[array([22046., 22046., 22046., 31719.])]:[array([10973., 10973., 10973.,  4130.])]:[array([3839., 3839., 3839.,  560.])]:[array([ 6796.,  6796.,  6796., 32916.])]:[array([7115., 7115., 7115., 4423.])]:[array([5294., 5294., 5294.,  668.])]:[array([50818., 50818., 50818., 87835.])]:
[array([202.,  94.,   0., 151.])]:[array([343989., 343989., 443314., 443314.])]:[array([22046., 22046., 31719., 31719.])]:[array([10973., 10973.,  4130.,  4130.])]:[array([3839., 3839.,  560.,  560.])]:[array([ 6796.,  6796., 32916., 32916.])]:[array([7115., 7115., 4423., 4423.])]:[array([5294., 5294.,  668.,  668.])]:[array([50818., 50818., 87835., 87835.])]:
[array([ 94.,   0., 151.,   0.])]:[array([343989., 443314., 443314., 587242.])]:[array([22046., 31719., 31719., 21049.])]:[array([10973.,  4130.,  4130., 21531.])]:[array([3839.,  560.,  560., 3143.])]:[array([ 6796., 32916., 32916., 24647.])]:[array([7115., 4423., 4423., 8773.])]:[array([5294.,  668.,  668., 4859.])]:[array([ 50818.,  87835.,  87835., 106348.])]:
[array([  0., 151.,   0., 153.])]:[array([443314., 443314., 587242., 587242.])]:[array([31719., 31719., 21049., 21049.])]:[array([ 4130.,  4130., 21531., 21531.])]:[array([ 560.,  560., 3143., 3143.])]:[array([32916., 32916., 24647., 24647.])]:[array([4423., 4423., 8773., 8773.])]:[array([ 668.,  668., 4859., 4859.])]:[array([ 87835.,  87835., 106348., 106348.])]:
[array([151.,   0., 153.,   0.])]:[array([443314., 587242., 587242., 225684.])]:[array([31719., 21049., 21049., 13709.])]:[array([ 4130., 21531., 21531.,  3420.])]:[array([ 560., 3143., 3143.,  480.])]:[array([32916., 24647., 24647.,  6675.])]:[array([4423., 8773., 8773., 2577.])]:[array([ 668., 4859., 4859.,  817.])]:[array([ 87835., 106348., 106348.,  31047.])]:
[array([  0., 153.,   0., 161.])]:[array([587242., 587242., 225684., 225684.])]:[array([21049., 21049., 13709., 13709.])]:[array([21531., 21531.,  3420.,  3420.])]:[array([3143., 3143.,  480.,  480.])]:[array([24647., 24647.,  6675.,  6675.])]:[array([8773., 8773., 2577., 2577.])]:[array([4859., 4859.,  817.,  817.])]:[array([106348., 106348.,  31047.,  31047.])]:
[array([153.,   0., 161., 153.])]:[array([587242., 225684., 225684., 225684.])]:[array([21049., 13709., 13709., 13709.])]:[array([21531.,  3420.,  3420.,  3420.])]:[array([3143.,  480.,  480.,  480.])]:[array([24647.,  6675.,  6675.,  6675.])]:[array([8773., 2577., 2577., 2577.])]:[array([4859.,  817.,  817.,  817.])]:[array([106348.,  31047.,  31047.,  31047.])]:
[array([  0., 161., 153.,   0.])]:[array([ 225684.,  225684.,  225684., 1057572.])]:[array([13709., 13709., 13709.,  5411.])]:[array([3420., 3420., 3420., 7250.])]:[array([ 480.,  480.,  480., 2043.])]:[array([ 6675.,  6675.,  6675., 25025.])]:[array([2577., 2577., 2577., 5685.])]:[array([ 817.,  817.,  817., 2552.])]:[array([31047., 31047., 31047., 18114.])]:
[array([161., 153.,   0., 190.])]:[array([ 225684.,  225684., 1057572., 1057572.])]:[array([13709., 13709.,  5411.,  5411.])]:[array([3420., 3420., 7250., 7250.])]:[array([ 480.,  480., 2043., 2043.])]:[array([ 6675.,  6675., 25025., 25025.])]:[array([2577., 2577., 5685., 5685.])]:[array([ 817.,  817., 2552., 2552.])]:[array([31047., 31047., 18114., 18114.])]:
[array([153.,   0., 190.,   0.])]:[array([ 225684., 1057572., 1057572.,  609740.])]:[array([ 13709.,   5411.,   5411., 138745.])]:[array([ 3420.,  7250.,  7250., 48057.])]:[array([ 480., 2043., 2043., 7553.])]:[array([ 6675., 25025., 25025., 57726.])]:[array([ 2577.,  5685.,  5685., 82747.])]:[array([  817.,  2552.,  2552., 11037.])]:[array([ 31047.,  18114.,  18114., 575935.])]:
[array([  0., 190.,   0., 162.])]:[array([1057572., 1057572.,  609740.,  609740.])]:[array([  5411.,   5411., 138745., 138745.])]:[array([ 7250.,  7250., 48057., 48057.])]:[array([2043., 2043., 7553., 7553.])]:[array([25025., 25025., 57726., 57726.])]:[array([ 5685.,  5685., 82747., 82747.])]:[array([ 2552.,  2552., 11037., 11037.])]:[array([ 18114.,  18114., 575935., 575935.])]:
[array([190.,   0., 162.,   0.])]:[array([1057572.,  609740.,  609740.,  373629.])]:[array([  5411., 138745., 138745.,   4104.])]:[array([ 7250., 48057., 48057.,  1272.])]:[array([2043., 7553., 7553.,  140.])]:[array([25025., 57726., 57726.,  9792.])]:[array([ 5685., 82747., 82747.,  2307.])]:[array([ 2552., 11037., 11037.,   305.])]:[array([ 18114., 575935., 575935.,  38335.])]:
[array([  0., 162.,   0.,  48.])]:[array([609740., 609740., 373629., 373629.])]:[array([138745., 138745.,   4104.,   4104.])]:[array([48057., 48057.,  1272.,  1272.])]:[array([7553., 7553.,  140.,  140.])]:[array([57726., 57726.,  9792.,  9792.])]:[array([82747., 82747.,  2307.,  2307.])]:[array([11037., 11037.,   305.,   305.])]:[array([575935., 575935.,  38335.,  38335.])]:
[array([162.,   0.,  48.,   0.])]:[array([609740., 373629., 373629.,  21491.])]:[array([138745.,   4104.,   4104.,  21790.])]:[array([48057.,  1272.,  1272.,  9380.])]:[array([7553.,  140.,  140., 1324.])]:[array([57726.,  9792.,  9792., 10271.])]:[array([82747.,  2307.,  2307.,  9023.])]:[array([11037.,   305.,   305.,  2308.])]:[array([575935.,  38335.,  38335.,  14751.])]:
[array([ 0., 48.,  0., 62.])]:[array([373629., 373629.,  21491.,  21491.])]:[array([ 4104.,  4104., 21790., 21790.])]:[array([1272., 1272., 9380., 9380.])]:[array([ 140.,  140., 1324., 1324.])]:[array([ 9792.,  9792., 10271., 10271.])]:[array([2307., 2307., 9023., 9023.])]:[array([ 305.,  305., 2308., 2308.])]:[array([38335., 38335., 14751., 14751.])]:
[array([48.,  0., 62.,  0.])]:[array([373629.,  21491.,  21491., 105574.])]:[array([ 4104., 21790., 21790.,  1696.])]:[array([1272., 9380., 9380., 2279.])]:[array([ 140., 1324., 1324.,  457.])]:[array([ 9792., 10271., 10271.,  5976.])]:[array([2307., 9023., 9023., 2592.])]:[array([ 305., 2308., 2308.,  890.])]:[array([38335., 14751., 14751.,  5871.])]:
[array([ 0., 62.,  0.,  0.])]:[array([ 21491.,  21491., 105574., 198354.])]:[array([21790., 21790.,  1696., 42377.])]:[array([9380., 9380., 2279., 8019.])]:[array([1324., 1324.,  457., 1805.])]:[array([10271., 10271.,  5976., 37211.])]:[array([ 9023.,  9023.,  2592., 42001.])]:[array([2308., 2308.,  890., 4613.])]:[array([ 14751.,  14751.,   5871., 365520.])]:
[array([62.,  0.,  0.,  0.])]:[array([ 21491., 105574., 198354.,  88251.])]:[array([21790.,  1696., 42377., 17366.])]:[array([ 9380.,  2279.,  8019., 16409.])]:[array([1324.,  457., 1805., 9588.])]:[array([10271.,  5976., 37211., 22834.])]:[array([ 9023.,  2592., 42001., 12674.])]:[array([2308.,  890., 4613., 8503.])]:[array([ 14751.,   5871., 365520.,  55606.])]:
[array([0., 0., 0., 0.])]:[array([105574., 198354.,  88251.,  27442.])]:[array([ 1696., 42377., 17366., 10322.])]:[array([ 2279.,  8019., 16409., 13424.])]:[array([ 457., 1805., 9588., 3554.])]:[array([ 5976., 37211., 22834., 23742.])]:[array([ 2592., 42001., 12674.,  9676.])]:[array([ 890., 4613., 8503., 4556.])]:[array([  5871., 365520.,  55606.,  62287.])]:
[array([  0.,   0.,   0., 194.])]:[array([198354.,  88251.,  27442.,  27442.])]:[array([42377., 17366., 10322., 10322.])]:[array([ 8019., 16409., 13424., 13424.])]:[array([1805., 9588., 3554., 3554.])]:[array([37211., 22834., 23742., 23742.])]:[array([42001., 12674.,  9676.,  9676.])]:[array([4613., 8503., 4556., 4556.])]:[array([365520.,  55606.,  62287.,  62287.])]:
[array([  0.,   0., 194., 175.])]:[array([88251., 27442., 27442., 27442.])]:[array([17366., 10322., 10322., 10322.])]:[array([16409., 13424., 13424., 13424.])]:[array([9588., 3554., 3554., 3554.])]:[array([22834., 23742., 23742., 23742.])]:[array([12674.,  9676.,  9676.,  9676.])]:[array([8503., 4556., 4556., 4556.])]:[array([55606., 62287., 62287., 62287.])]:
[array([  0., 194., 175.,   0.])]:[array([ 27442.,  27442.,  27442., 251608.])]:[array([10322., 10322., 10322., 14167.])]:[array([13424., 13424., 13424.,  3137.])]:[array([3554., 3554., 3554.,  653.])]:[array([23742., 23742., 23742.,  3139.])]:[array([9676., 9676., 9676., 4302.])]:[array([4556., 4556., 4556.,  532.])]:[array([62287., 62287., 62287., 28096.])]:
[array([194., 175.,   0.,   0.])]:[array([ 27442.,  27442., 251608.,   3164.])]:[array([10322., 10322., 14167.,  8020.])]:[array([13424., 13424.,  3137.,  6736.])]:[array([3554., 3554.,  653., 1194.])]:[array([23742., 23742.,  3139., 29625.])]:[array([ 9676.,  9676.,  4302., 11530.])]:[array([4556., 4556.,  532., 1456.])]:[array([62287., 62287., 28096., 24425.])]:
[array([175.,   0.,   0.,   0.])]:[array([ 27442., 251608.,   3164.,   7022.])]:[array([10322., 14167.,  8020.,  8837.])]:[array([13424.,  3137.,  6736.,  8542.])]:[array([3554.,  653., 1194., 1742.])]:[array([23742.,  3139., 29625., 17504.])]:[array([ 9676.,  4302., 11530., 16556.])]:[array([4556.,  532., 1456., 7274.])]:[array([62287., 28096., 24425., 25319.])]:
[array([0., 0., 0., 0.])]:[array([251608.,   3164.,   7022.,  23758.])]:[array([14167.,  8020.,  8837., 11173.])]:[array([3137., 6736., 8542., 4937.])]:[array([ 653., 1194., 1742., 1402.])]:[array([ 3139., 29625., 17504., 27393.])]:[array([ 4302., 11530., 16556.,  5697.])]:[array([ 532., 1456., 7274., 3791.])]:[array([28096., 24425., 25319., 22131.])]:
[array([  0.,   0.,   0., 188.])]:[array([ 3164.,  7022., 23758., 23758.])]:[array([ 8020.,  8837., 11173., 11173.])]:[array([6736., 8542., 4937., 4937.])]:[array([1194., 1742., 1402., 1402.])]:[array([29625., 17504., 27393., 27393.])]:[array([11530., 16556.,  5697.,  5697.])]:[array([1456., 7274., 3791., 3791.])]:[array([24425., 25319., 22131., 22131.])]:
[array([  0.,   0., 188., 172.])]:[array([ 7022., 23758., 23758., 23758.])]:[array([ 8837., 11173., 11173., 11173.])]:[array([8542., 4937., 4937., 4937.])]:[array([1742., 1402., 1402., 1402.])]:[array([17504., 27393., 27393., 27393.])]:[array([16556.,  5697.,  5697.,  5697.])]:[array([7274., 3791., 3791., 3791.])]:[array([25319., 22131., 22131., 22131.])]:
[array([  0., 188., 172.,   0.])]:[array([ 23758.,  23758.,  23758., 658712.])]:[array([11173., 11173., 11173.,  9840.])]:[array([ 4937.,  4937.,  4937., 38294.])]:[array([1402., 1402., 1402., 3317.])]:[array([ 27393.,  27393.,  27393., 106005.])]:[array([5697., 5697., 5697., 8340.])]:[array([3791., 3791., 3791., 9238.])]:[array([ 22131.,  22131.,  22131., 328060.])]:
[array([188., 172.,   0.,   0.])]:[array([ 23758.,  23758., 658712.,  47498.])]:[array([11173., 11173.,  9840., 12385.])]:[array([ 4937.,  4937., 38294., 17391.])]:[array([1402., 1402., 3317., 1186.])]:[array([ 27393.,  27393., 106005.,   9799.])]:[array([5697., 5697., 8340., 8435.])]:[array([ 3791.,  3791.,  9238., 11190.])]:[array([ 22131.,  22131., 328060., 105082.])]:
[array([172.,   0.,   0., 223.])]:[array([ 23758., 658712.,  47498.,  47498.])]:[array([11173.,  9840., 12385., 12385.])]:[array([ 4937., 38294., 17391., 17391.])]:[array([1402., 3317., 1186., 1186.])]:[array([ 27393., 106005.,   9799.,   9799.])]:[array([5697., 8340., 8435., 8435.])]:[array([ 3791.,  9238., 11190., 11190.])]:[array([ 22131., 328060., 105082., 105082.])]:
[array([  0.,   0., 223.,   0.])]:[array([658712.,  47498.,  47498., 234478.])]:[array([  9840.,  12385.,  12385., 126383.])]:[array([38294., 17391., 17391., 23698.])]:[array([3317., 1186., 1186., 2543.])]:[array([106005.,   9799.,   9799.,  39632.])]:[array([ 8340.,  8435.,  8435., 48591.])]:[array([ 9238., 11190., 11190.,  6634.])]:[array([328060., 105082., 105082., 198504.])]:
[array([  0., 223.,   0., 177.])]:[array([ 47498.,  47498., 234478., 234478.])]:[array([ 12385.,  12385., 126383., 126383.])]:[array([17391., 17391., 23698., 23698.])]:[array([1186., 1186., 2543., 2543.])]:[array([ 9799.,  9799., 39632., 39632.])]:[array([ 8435.,  8435., 48591., 48591.])]:[array([11190., 11190.,  6634.,  6634.])]:[array([105082., 105082., 198504., 198504.])]:
[array([223.,   0., 177.,   0.])]:[array([  47498.,  234478.,  234478., 1487915.])]:[array([ 12385., 126383., 126383.,   3404.])]:[array([17391., 23698., 23698.,  3558.])]:[array([1186., 2543., 2543.,  429.])]:[array([ 9799., 39632., 39632.,  7364.])]:[array([ 8435., 48591., 48591.,  5567.])]:[array([11190.,  6634.,  6634.,   779.])]:[array([105082., 198504., 198504.,  34597.])]:
[array([  0., 177.,   0., 206.])]:[array([ 234478.,  234478., 1487915., 1487915.])]:[array([126383., 126383.,   3404.,   3404.])]:[array([23698., 23698.,  3558.,  3558.])]:[array([2543., 2543.,  429.,  429.])]:[array([39632., 39632.,  7364.,  7364.])]:[array([48591., 48591.,  5567.,  5567.])]:[array([6634., 6634.,  779.,  779.])]:[array([198504., 198504.,  34597.,  34597.])]:
[array([177.,   0., 206., 189.])]:[array([ 234478., 1487915., 1487915., 1487915.])]:[array([126383.,   3404.,   3404.,   3404.])]:[array([23698.,  3558.,  3558.,  3558.])]:[array([2543.,  429.,  429.,  429.])]:[array([39632.,  7364.,  7364.,  7364.])]:[array([48591.,  5567.,  5567.,  5567.])]:[array([6634.,  779.,  779.,  779.])]:[array([198504.,  34597.,  34597.,  34597.])]:
[array([  0., 206., 189.,   0.])]:[array([1487915., 1487915., 1487915.,  704608.])]:[array([ 3404.,  3404.,  3404., 24034.])]:[array([ 3558.,  3558.,  3558., 16135.])]:[array([ 429.,  429.,  429., 4084.])]:[array([7364., 7364., 7364., 9398.])]:[array([ 5567.,  5567.,  5567., 29175.])]:[array([ 779.,  779.,  779., 6774.])]:[array([ 34597.,  34597.,  34597., 278299.])]:
[array([206., 189.,   0.,  53.])]:[array([1487915., 1487915.,  704608.,  704608.])]:[array([ 3404.,  3404., 24034., 24034.])]:[array([ 3558.,  3558., 16135., 16135.])]:[array([ 429.,  429., 4084., 4084.])]:[array([7364., 7364., 9398., 9398.])]:[array([ 5567.,  5567., 29175., 29175.])]:[array([ 779.,  779., 6774., 6774.])]:[array([ 34597.,  34597., 278299., 278299.])]:
[array([189.,   0.,  53.,   0.])]:[array([1487915.,  704608.,  704608.,   54392.])]:[array([ 3404., 24034., 24034., 11518.])]:[array([ 3558., 16135., 16135., 12736.])]:[array([ 429., 4084., 4084., 2994.])]:[array([7364., 9398., 9398., 3904.])]:[array([ 5567., 29175., 29175., 12576.])]:[array([ 779., 6774., 6774., 4884.])]:[array([ 34597., 278299., 278299.,  33309.])]:
[array([  0.,  53.,   0., 205.])]:[array([704608., 704608.,  54392.,  54392.])]:[array([24034., 24034., 11518., 11518.])]:[array([16135., 16135., 12736., 12736.])]:[array([4084., 4084., 2994., 2994.])]:[array([9398., 9398., 3904., 3904.])]:[array([29175., 29175., 12576., 12576.])]:[array([6774., 6774., 4884., 4884.])]:[array([278299., 278299.,  33309.,  33309.])]:
[array([ 53.,   0., 205., 180.])]:[array([704608.,  54392.,  54392.,  54392.])]:[array([24034., 11518., 11518., 11518.])]:[array([16135., 12736., 12736., 12736.])]:[array([4084., 2994., 2994., 2994.])]:[array([9398., 3904., 3904., 3904.])]:[array([29175., 12576., 12576., 12576.])]:[array([6774., 4884., 4884., 4884.])]:[array([278299.,  33309.,  33309.,  33309.])]:
[array([  0., 205., 180.,   0.])]:[array([  54392.,   54392.,   54392., 1478315.])]:[array([11518., 11518., 11518., 21897.])]:[array([12736., 12736., 12736.,  9266.])]:[array([2994., 2994., 2994., 1231.])]:[array([3904., 3904., 3904., 8604.])]:[array([12576., 12576., 12576., 18623.])]:[array([4884., 4884., 4884., 1112.])]:[array([ 33309.,  33309.,  33309., 148063.])]:
[array([205., 180.,   0., 189.])]:[array([  54392.,   54392., 1478315., 1478315.])]:[array([11518., 11518., 21897., 21897.])]:[array([12736., 12736.,  9266.,  9266.])]:[array([2994., 2994., 1231., 1231.])]:[array([3904., 3904., 8604., 8604.])]:[array([12576., 12576., 18623., 18623.])]:[array([4884., 4884., 1112., 1112.])]:[array([ 33309.,  33309., 148063., 148063.])]:
[array([180.,   0., 189.,   0.])]:[array([  54392., 1478315., 1478315.,  930800.])]:[array([ 11518.,  21897.,  21897., 163134.])]:[array([ 12736.,   9266.,   9266., 150181.])]:[array([2994., 1231., 1231., 8650.])]:[array([ 3904.,  8604.,  8604., 18452.])]:[array([ 12576.,  18623.,  18623., 120675.])]:[array([ 4884.,  1112.,  1112., 42010.])]:[array([ 33309., 148063., 148063., 594663.])]:
[array([  0., 189.,   0., 112.])]:[array([1478315., 1478315.,  930800.,  930800.])]:[array([ 21897.,  21897., 163134., 163134.])]:[array([  9266.,   9266., 150181., 150181.])]:[array([1231., 1231., 8650., 8650.])]:[array([ 8604.,  8604., 18452., 18452.])]:[array([ 18623.,  18623., 120675., 120675.])]:[array([ 1112.,  1112., 42010., 42010.])]:[array([148063., 148063., 594663., 594663.])]:
[array([189.,   0., 112.,   0.])]:[array([1478315.,  930800.,  930800.,  736632.])]:[array([ 21897., 163134., 163134.,   4255.])]:[array([  9266., 150181., 150181.,   3824.])]:[array([1231., 8650., 8650.,  278.])]:[array([ 8604., 18452., 18452.,  7568.])]:[array([ 18623., 120675., 120675.,   3211.])]:[array([ 1112., 42010., 42010.,   624.])]:[array([148063., 594663., 594663.,  36975.])]:
[array([  0., 112.,   0., 150.])]:[array([930800., 930800., 736632., 736632.])]:[array([163134., 163134.,   4255.,   4255.])]:[array([150181., 150181.,   3824.,   3824.])]:[array([8650., 8650.,  278.,  278.])]:[array([18452., 18452.,  7568.,  7568.])]:[array([120675., 120675.,   3211.,   3211.])]:[array([42010., 42010.,   624.,   624.])]:[array([594663., 594663.,  36975.,  36975.])]:
[array([112.,   0., 150.,  84.])]:[array([930800., 736632., 736632., 736632.])]:[array([163134.,   4255.,   4255.,   4255.])]:[array([150181.,   3824.,   3824.,   3824.])]:[array([8650.,  278.,  278.,  278.])]:[array([18452.,  7568.,  7568.,  7568.])]:[array([120675.,   3211.,   3211.,   3211.])]:[array([42010.,   624.,   624.,   624.])]:[array([594663.,  36975.,  36975.,  36975.])]:
[array([  0., 150.,  84., 166.])]:[array([736632., 736632., 736632., 736632.])]:[array([4255., 4255., 4255., 4255.])]:[array([3824., 3824., 3824., 3824.])]:[array([278., 278., 278., 278.])]:[array([7568., 7568., 7568., 7568.])]:[array([3211., 3211., 3211., 3211.])]:[array([624., 624., 624., 624.])]:[array([36975., 36975., 36975., 36975.])]:
[array([150.,  84., 166., 158.])]:[array([736632., 736632., 736632., 736632.])]:[array([4255., 4255., 4255., 4255.])]:[array([3824., 3824., 3824., 3824.])]:[array([278., 278., 278., 278.])]:[array([7568., 7568., 7568., 7568.])]:[array([3211., 3211., 3211., 3211.])]:[array([624., 624., 624., 624.])]:[array([36975., 36975., 36975., 36975.])]:
[array([ 84., 166., 158.,   0.])]:[array([736632., 736632., 736632., 955484.])]:[array([  4255.,   4255.,   4255., 123342.])]:[array([ 3824.,  3824.,  3824., 18305.])]:[array([ 278.,  278.,  278., 1097.])]:[array([ 7568.,  7568.,  7568., 15876.])]:[array([ 3211.,  3211.,  3211., 38883.])]:[array([ 624.,  624.,  624., 8997.])]:[array([ 36975.,  36975.,  36975., 387109.])]:
[array([166., 158.,   0.,  54.])]:[array([736632., 736632., 955484., 955484.])]:[array([  4255.,   4255., 123342., 123342.])]:[array([ 3824.,  3824., 18305., 18305.])]:[array([ 278.,  278., 1097., 1097.])]:[array([ 7568.,  7568., 15876., 15876.])]:[array([ 3211.,  3211., 38883., 38883.])]:[array([ 624.,  624., 8997., 8997.])]:[array([ 36975.,  36975., 387109., 387109.])]:
[array([158.,   0.,  54.,   0.])]:[array([736632., 955484., 955484., 128137.])]:[array([  4255., 123342., 123342.,   1182.])]:[array([ 3824., 18305., 18305.,   683.])]:[array([ 278., 1097., 1097.,  125.])]:[array([ 7568., 15876., 15876.,   426.])]:[array([ 3211., 38883., 38883.,   919.])]:[array([ 624., 8997., 8997.,  277.])]:[array([ 36975., 387109., 387109.,  23136.])]:
[array([  0.,  54.,   0., 199.])]:[array([955484., 955484., 128137., 128137.])]:[array([123342., 123342.,   1182.,   1182.])]:[array([18305., 18305.,   683.,   683.])]:[array([1097., 1097.,  125.,  125.])]:[array([15876., 15876.,   426.,   426.])]:[array([38883., 38883.,   919.,   919.])]:[array([8997., 8997.,  277.,  277.])]:[array([387109., 387109.,  23136.,  23136.])]:
[array([ 54.,   0., 199.,   0.])]:[array([955484., 128137., 128137., 139390.])]:[array([123342.,   1182.,   1182.,  77837.])]:[array([18305.,   683.,   683., 22258.])]:[array([1097.,  125.,  125., 1961.])]:[array([15876.,   426.,   426., 57497.])]:[array([38883.,   919.,   919., 11035.])]:[array([8997.,  277.,  277., 8338.])]:[array([387109.,  23136.,  23136.,  63266.])]:
[array([  0., 199.,   0., 180.])]:[array([128137., 128137., 139390., 139390.])]:[array([ 1182.,  1182., 77837., 77837.])]:[array([  683.,   683., 22258., 22258.])]:[array([ 125.,  125., 1961., 1961.])]:[array([  426.,   426., 57497., 57497.])]:[array([  919.,   919., 11035., 11035.])]:[array([ 277.,  277., 8338., 8338.])]:[array([23136., 23136., 63266., 63266.])]:
[array([199.,   0., 180.,   0.])]:[array([128137., 139390., 139390., 329519.])]:[array([ 1182., 77837., 77837., 14692.])]:[array([  683., 22258., 22258., 10155.])]:[array([ 125., 1961., 1961., 1027.])]:[array([  426., 57497., 57497., 49826.])]:[array([  919., 11035., 11035.,  7427.])]:[array([ 277., 8338., 8338., 2213.])]:[array([ 23136.,  63266.,  63266., 218907.])]:
[array([  0., 180.,   0.,  62.])]:[array([139390., 139390., 329519., 329519.])]:[array([77837., 77837., 14692., 14692.])]:[array([22258., 22258., 10155., 10155.])]:[array([1961., 1961., 1027., 1027.])]:[array([57497., 57497., 49826., 49826.])]:[array([11035., 11035.,  7427.,  7427.])]:[array([8338., 8338., 2213., 2213.])]:[array([ 63266.,  63266., 218907., 218907.])]:
[array([180.,   0.,  62., 208.])]:[array([139390., 329519., 329519., 329519.])]:[array([77837., 14692., 14692., 14692.])]:[array([22258., 10155., 10155., 10155.])]:[array([1961., 1027., 1027., 1027.])]:[array([57497., 49826., 49826., 49826.])]:[array([11035.,  7427.,  7427.,  7427.])]:[array([8338., 2213., 2213., 2213.])]:[array([ 63266., 218907., 218907., 218907.])]:
[array([  0.,  62., 208., 170.])]:[array([329519., 329519., 329519., 329519.])]:[array([14692., 14692., 14692., 14692.])]:[array([10155., 10155., 10155., 10155.])]:[array([1027., 1027., 1027., 1027.])]:[array([49826., 49826., 49826., 49826.])]:[array([7427., 7427., 7427., 7427.])]:[array([2213., 2213., 2213., 2213.])]:[array([218907., 218907., 218907., 218907.])]:
[array([ 62., 208., 170.,   0.])]:[array([ 329519.,  329519.,  329519., 2106235.])]:[array([ 14692.,  14692.,  14692., 299191.])]:[array([10155., 10155., 10155., 42504.])]:[array([1027., 1027., 1027., 8578.])]:[array([49826., 49826., 49826., 57201.])]:[array([  7427.,   7427.,   7427., 222740.])]:[array([ 2213.,  2213.,  2213., 29805.])]:[array([218907., 218907., 218907., 830101.])]:
[array([208., 170.,   0.,   0.])]:[array([ 329519.,  329519., 2106235.,  373339.])]:[array([ 14692.,  14692., 299191.,  10111.])]:[array([10155., 10155., 42504.,  2349.])]:[array([1027., 1027., 8578.,  504.])]:[array([49826., 49826., 57201.,  1362.])]:[array([  7427.,   7427., 222740.,   3156.])]:[array([ 2213.,  2213., 29805.,   899.])]:[array([218907., 218907., 830101.,  41586.])]:
[array([170.,   0.,   0.,  68.])]:[array([ 329519., 2106235.,  373339.,  373339.])]:[array([ 14692., 299191.,  10111.,  10111.])]:[array([10155., 42504.,  2349.,  2349.])]:[array([1027., 8578.,  504.,  504.])]:[array([49826., 57201.,  1362.,  1362.])]:[array([  7427., 222740.,   3156.,   3156.])]:[array([ 2213., 29805.,   899.,   899.])]:[array([218907., 830101.,  41586.,  41586.])]:
[array([ 0.,  0., 68.,  0.])]:[array([2106235.,  373339.,  373339.,   84867.])]:[array([299191.,  10111.,  10111.,  40288.])]:[array([42504.,  2349.,  2349., 14413.])]:[array([8578.,  504.,  504., 1862.])]:[array([57201.,  1362.,  1362., 60474.])]:[array([222740.,   3156.,   3156.,  22897.])]:[array([29805.,   899.,   899.,  2392.])]:[array([830101.,  41586.,  41586., 230590.])]:
[array([ 0., 68.,  0.,  0.])]:[array([373339., 373339.,  84867.,  39924.])]:[array([10111., 10111., 40288., 59453.])]:[array([ 2349.,  2349., 14413.,  9955.])]:[array([ 504.,  504., 1862., 4310.])]:[array([ 1362.,  1362., 60474., 87960.])]:[array([ 3156.,  3156., 22897., 40108.])]:[array([ 899.,  899., 2392., 4102.])]:[array([ 41586.,  41586., 230590.,  82788.])]:
[array([ 68.,   0.,   0., 208.])]:[array([373339.,  84867.,  39924.,  39924.])]:[array([10111., 40288., 59453., 59453.])]:[array([ 2349., 14413.,  9955.,  9955.])]:[array([ 504., 1862., 4310., 4310.])]:[array([ 1362., 60474., 87960., 87960.])]:[array([ 3156., 22897., 40108., 40108.])]:[array([ 899., 2392., 4102., 4102.])]:[array([ 41586., 230590.,  82788.,  82788.])]:
[array([  0.,   0., 208., 143.])]:[array([84867., 39924., 39924., 39924.])]:[array([40288., 59453., 59453., 59453.])]:[array([14413.,  9955.,  9955.,  9955.])]:[array([1862., 4310., 4310., 4310.])]:[array([60474., 87960., 87960., 87960.])]:[array([22897., 40108., 40108., 40108.])]:[array([2392., 4102., 4102., 4102.])]:[array([230590.,  82788.,  82788.,  82788.])]:
[array([  0., 208., 143.,   0.])]:[array([39924., 39924., 39924., 12776.])]:[array([59453., 59453., 59453., 10470.])]:[array([9955., 9955., 9955., 3225.])]:[array([4310., 4310., 4310.,  800.])]:[array([87960., 87960., 87960., 12315.])]:[array([40108., 40108., 40108.,  3344.])]:[array([4102., 4102., 4102., 2418.])]:[array([82788., 82788., 82788., 34161.])]:
[array([208., 143.,   0.,  69.])]:[array([39924., 39924., 12776., 12776.])]:[array([59453., 59453., 10470., 10470.])]:[array([9955., 9955., 3225., 3225.])]:[array([4310., 4310.,  800.,  800.])]:[array([87960., 87960., 12315., 12315.])]:[array([40108., 40108.,  3344.,  3344.])]:[array([4102., 4102., 2418., 2418.])]:[array([82788., 82788., 34161., 34161.])]:
[array([143.,   0.,  69.,   0.])]:[array([ 39924.,  12776.,  12776., 131864.])]:[array([59453., 10470., 10470.,  1199.])]:[array([9955., 3225., 3225.,  736.])]:[array([4310.,  800.,  800.,  138.])]:[array([87960., 12315., 12315.,  1197.])]:[array([40108.,  3344.,  3344.,   977.])]:[array([4102., 2418., 2418.,  153.])]:[array([82788., 34161., 34161., 12590.])]:
[array([ 0., 69.,  0.,  0.])]:[array([ 12776.,  12776., 131864.,  97893.])]:[array([10470., 10470.,  1199.,  5778.])]:[array([3225., 3225.,  736., 2218.])]:[array([800., 800., 138., 648.])]:[array([12315., 12315.,  1197.,  7635.])]:[array([3344., 3344.,  977., 2854.])]:[array([2418., 2418.,  153., 1357.])]:[array([34161., 34161., 12590., 30191.])]:
[array([69.,  0.,  0., 67.])]:[array([ 12776., 131864.,  97893.,  97893.])]:[array([10470.,  1199.,  5778.,  5778.])]:[array([3225.,  736., 2218., 2218.])]:[array([800., 138., 648., 648.])]:[array([12315.,  1197.,  7635.,  7635.])]:[array([3344.,  977., 2854., 2854.])]:[array([2418.,  153., 1357., 1357.])]:[array([34161., 12590., 30191., 30191.])]:
[array([ 0.,  0., 67.,  0.])]:[array([131864.,  97893.,  97893., 430462.])]:[array([ 1199.,  5778.,  5778., 69082.])]:[array([  736.,  2218.,  2218., 23551.])]:[array([ 138.,  648.,  648., 4356.])]:[array([  1197.,   7635.,   7635., 154165.])]:[array([  977.,  2854.,  2854., 57250.])]:[array([ 153., 1357., 1357., 8487.])]:[array([ 12590.,  30191.,  30191., 559114.])]:
[array([ 0., 67.,  0., 47.])]:[array([ 97893.,  97893., 430462., 430462.])]:[array([ 5778.,  5778., 69082., 69082.])]:[array([ 2218.,  2218., 23551., 23551.])]:[array([ 648.,  648., 4356., 4356.])]:[array([  7635.,   7635., 154165., 154165.])]:[array([ 2854.,  2854., 57250., 57250.])]:[array([1357., 1357., 8487., 8487.])]:[array([ 30191.,  30191., 559114., 559114.])]:
[array([ 67.,   0.,  47., 208.])]:[array([ 97893., 430462., 430462., 430462.])]:[array([ 5778., 69082., 69082., 69082.])]:[array([ 2218., 23551., 23551., 23551.])]:[array([ 648., 4356., 4356., 4356.])]:[array([  7635., 154165., 154165., 154165.])]:[array([ 2854., 57250., 57250., 57250.])]:[array([1357., 8487., 8487., 8487.])]:[array([ 30191., 559114., 559114., 559114.])]:
[array([  0.,  47., 208.,   0.])]:[array([ 430462.,  430462.,  430462., 1194727.])]:[array([69082., 69082., 69082., 89873.])]:[array([23551., 23551., 23551., 22380.])]:[array([4356., 4356., 4356., 5261.])]:[array([154165., 154165., 154165.,  24602.])]:[array([57250., 57250., 57250., 19674.])]:[array([8487., 8487., 8487., 5295.])]:[array([559114., 559114., 559114., 389813.])]:
[array([ 47., 208.,   0., 135.])]:[array([ 430462.,  430462., 1194727., 1194727.])]:[array([69082., 69082., 89873., 89873.])]:[array([23551., 23551., 22380., 22380.])]:[array([4356., 4356., 5261., 5261.])]:[array([154165., 154165.,  24602.,  24602.])]:[array([57250., 57250., 19674., 19674.])]:[array([8487., 8487., 5295., 5295.])]:[array([559114., 559114., 389813., 389813.])]:
[array([208.,   0., 135.,   0.])]:[array([ 430462., 1194727., 1194727.,  772817.])]:[array([69082., 89873., 89873.,  4265.])]:[array([23551., 22380., 22380.,  2409.])]:[array([4356., 5261., 5261.,  370.])]:[array([154165.,  24602.,  24602.,   4458.])]:[array([57250., 19674., 19674.,  3961.])]:[array([8487., 5295., 5295.,  941.])]:[array([559114., 389813., 389813.,  30707.])]:
[array([  0., 135.,   0.,  68.])]:[array([1194727., 1194727.,  772817.,  772817.])]:[array([89873., 89873.,  4265.,  4265.])]:[array([22380., 22380.,  2409.,  2409.])]:[array([5261., 5261.,  370.,  370.])]:[array([24602., 24602.,  4458.,  4458.])]:[array([19674., 19674.,  3961.,  3961.])]:[array([5295., 5295.,  941.,  941.])]:[array([389813., 389813.,  30707.,  30707.])]:
[array([135.,   0.,  68.,   0.])]:[array([1194727.,  772817.,  772817.,  167388.])]:[array([89873.,  4265.,  4265.,  7646.])]:[array([22380.,  2409.,  2409.,  2541.])]:[array([5261.,  370.,  370.,  722.])]:[array([24602.,  4458.,  4458.,  8345.])]:[array([19674.,  3961.,  3961.,  7666.])]:[array([5295.,  941.,  941., 1147.])]:[array([389813.,  30707.,  30707.,  28717.])]:
[array([ 0., 68.,  0.,  0.])]:[array([772817., 772817., 167388., 120179.])]:[array([4265., 4265., 7646., 2312.])]:[array([2409., 2409., 2541., 2581.])]:[array([370., 370., 722., 485.])]:[array([4458., 4458., 8345., 3262.])]:[array([3961., 3961., 7666., 1520.])]:[array([ 941.,  941., 1147.,  593.])]:[array([30707., 30707., 28717.,  5391.])]:
[array([68.,  0.,  0., 59.])]:[array([772817., 167388., 120179., 120179.])]:[array([4265., 7646., 2312., 2312.])]:[array([2409., 2541., 2581., 2581.])]:[array([370., 722., 485., 485.])]:[array([4458., 8345., 3262., 3262.])]:[array([3961., 7666., 1520., 1520.])]:[array([ 941., 1147.,  593.,  593.])]:[array([30707., 28717.,  5391.,  5391.])]:
[array([ 0.,  0., 59.,  0.])]:[array([167388., 120179., 120179., 377256.])]:[array([7646., 2312., 2312., 4519.])]:[array([2541., 2581., 2581., 1792.])]:[array([722., 485., 485., 361.])]:[array([8345., 3262., 3262., 3658.])]:[array([7666., 1520., 1520., 5428.])]:[array([1147.,  593.,  593.,  932.])]:[array([28717.,  5391.,  5391., 56396.])]:
[array([ 0., 59.,  0.,  0.])]:[array([120179., 120179., 377256.,  12509.])]:[array([2312., 2312., 4519., 9306.])]:[array([2581., 2581., 1792., 7439.])]:[array([ 485.,  485.,  361., 1872.])]:[array([ 3262.,  3262.,  3658., 16198.])]:[array([1520., 1520., 5428., 7147.])]:[array([ 593.,  593.,  932., 3100.])]:[array([ 5391.,  5391., 56396., 16585.])]:
[array([59.,  0.,  0.,  0.])]:[array([120179., 377256.,  12509., 470442.])]:[array([ 2312.,  4519.,  9306., 16630.])]:[array([2581., 1792., 7439., 7459.])]:[array([ 485.,  361., 1872., 3940.])]:[array([ 3262.,  3658., 16198.,  9815.])]:[array([ 1520.,  5428.,  7147., 16185.])]:[array([ 593.,  932., 3100., 1758.])]:[array([  5391.,  56396.,  16585., 140217.])]:
[array([  0.,   0.,   0., 115.])]:[array([377256.,  12509., 470442., 470442.])]:[array([ 4519.,  9306., 16630., 16630.])]:[array([1792., 7439., 7459., 7459.])]:[array([ 361., 1872., 3940., 3940.])]:[array([ 3658., 16198.,  9815.,  9815.])]:[array([ 5428.,  7147., 16185., 16185.])]:[array([ 932., 3100., 1758., 1758.])]:[array([ 56396.,  16585., 140217., 140217.])]:
[array([  0.,   0., 115.,   0.])]:[array([ 12509., 470442., 470442., 817734.])]:[array([ 9306., 16630., 16630., 31416.])]:[array([ 7439.,  7459.,  7459., 14668.])]:[array([1872., 3940., 3940., 2015.])]:[array([16198.,  9815.,  9815., 42647.])]:[array([ 7147., 16185., 16185., 11490.])]:[array([3100., 1758., 1758., 3091.])]:[array([ 16585., 140217., 140217.,  75996.])]:
[array([  0., 115.,   0.,  65.])]:[array([470442., 470442., 817734., 817734.])]:[array([16630., 16630., 31416., 31416.])]:[array([ 7459.,  7459., 14668., 14668.])]:[array([3940., 3940., 2015., 2015.])]:[array([ 9815.,  9815., 42647., 42647.])]:[array([16185., 16185., 11490., 11490.])]:[array([1758., 1758., 3091., 3091.])]:[array([140217., 140217.,  75996.,  75996.])]:
[array([115.,   0.,  65.,   0.])]:[array([470442., 817734., 817734., 333528.])]:[array([16630., 31416., 31416.,  6494.])]:[array([ 7459., 14668., 14668.,  3088.])]:[array([3940., 2015., 2015., 2002.])]:[array([ 9815., 42647., 42647., 19376.])]:[array([16185., 11490., 11490.,  5309.])]:[array([1758., 3091., 3091., 2192.])]:[array([140217.,  75996.,  75996.,  26754.])]:
[array([  0.,  65.,   0., 198.])]:[array([817734., 817734., 333528., 333528.])]:[array([31416., 31416.,  6494.,  6494.])]:[array([14668., 14668.,  3088.,  3088.])]:[array([2015., 2015., 2002., 2002.])]:[array([42647., 42647., 19376., 19376.])]:[array([11490., 11490.,  5309.,  5309.])]:[array([3091., 3091., 2192., 2192.])]:[array([75996., 75996., 26754., 26754.])]:
[array([ 65.,   0., 198.,  83.])]:[array([817734., 333528., 333528., 333528.])]:[array([31416.,  6494.,  6494.,  6494.])]:[array([14668.,  3088.,  3088.,  3088.])]:[array([2015., 2002., 2002., 2002.])]:[array([42647., 19376., 19376., 19376.])]:[array([11490.,  5309.,  5309.,  5309.])]:[array([3091., 2192., 2192., 2192.])]:[array([75996., 26754., 26754., 26754.])]:
[array([  0., 198.,  83.,   0.])]:[array([333528., 333528., 333528., 315274.])]:[array([6494., 6494., 6494., 2496.])]:[array([3088., 3088., 3088., 1350.])]:[array([2002., 2002., 2002.,  172.])]:[array([19376., 19376., 19376.,   624.])]:[array([5309., 5309., 5309., 3799.])]:[array([2192., 2192., 2192.,  338.])]:[array([26754., 26754., 26754.,  9724.])]:
[array([198.,  83.,   0.,  62.])]:[array([333528., 333528., 315274., 315274.])]:[array([6494., 6494., 2496., 2496.])]:[array([3088., 3088., 1350., 1350.])]:[array([2002., 2002.,  172.,  172.])]:[array([19376., 19376.,   624.,   624.])]:[array([5309., 5309., 3799., 3799.])]:[array([2192., 2192.,  338.,  338.])]:[array([26754., 26754.,  9724.,  9724.])]:
[array([83.,  0., 62.,  0.])]:[array([333528., 315274., 315274., 300638.])]:[array([6494., 2496., 2496., 1630.])]:[array([3088., 1350., 1350., 1658.])]:[array([2002.,  172.,  172.,  351.])]:[array([19376.,   624.,   624., 13307.])]:[array([5309., 3799., 3799., 6096.])]:[array([2192.,  338.,  338.,  891.])]:[array([26754.,  9724.,  9724., 30228.])]:
[array([  0.,  62.,   0., 199.])]:[array([315274., 315274., 300638., 300638.])]:[array([2496., 2496., 1630., 1630.])]:[array([1350., 1350., 1658., 1658.])]:[array([172., 172., 351., 351.])]:[array([  624.,   624., 13307., 13307.])]:[array([3799., 3799., 6096., 6096.])]:[array([338., 338., 891., 891.])]:[array([ 9724.,  9724., 30228., 30228.])]:
[array([ 62.,   0., 199., 198.])]:[array([315274., 300638., 300638., 300638.])]:[array([2496., 1630., 1630., 1630.])]:[array([1350., 1658., 1658., 1658.])]:[array([172., 351., 351., 351.])]:[array([  624., 13307., 13307., 13307.])]:[array([3799., 6096., 6096., 6096.])]:[array([338., 891., 891., 891.])]:[array([ 9724., 30228., 30228., 30228.])]:
[array([  0., 199., 198.,   0.])]:[array([ 300638.,  300638.,  300638., 2159725.])]:[array([ 1630.,  1630.,  1630., 53009.])]:[array([  1658.,   1658.,   1658., 215036.])]:[array([  351.,   351.,   351., 19518.])]:[array([13307., 13307., 13307., 63428.])]:[array([ 6096.,  6096.,  6096., 67072.])]:[array([   891.,    891.,    891., 108083.])]:[array([  30228.,   30228.,   30228., 1623914.])]:
[array([199., 198.,   0.,  55.])]:[array([ 300638.,  300638., 2159725., 2159725.])]:[array([ 1630.,  1630., 53009., 53009.])]:[array([  1658.,   1658., 215036., 215036.])]:[array([  351.,   351., 19518., 19518.])]:[array([13307., 13307., 63428., 63428.])]:[array([ 6096.,  6096., 67072., 67072.])]:[array([   891.,    891., 108083., 108083.])]:[array([  30228.,   30228., 1623914., 1623914.])]:
[array([198.,   0.,  55.,   0.])]:[array([ 300638., 2159725., 2159725.,   77744.])]:[array([ 1630., 53009., 53009.,  1930.])]:[array([  1658., 215036., 215036.,    838.])]:[array([  351., 19518., 19518.,   132.])]:[array([13307., 63428., 63428.,  2909.])]:[array([ 6096., 67072., 67072.,  1077.])]:[array([   891., 108083., 108083.,    240.])]:[array([  30228., 1623914., 1623914.,   10228.])]:
[array([ 0., 55.,  0.,  0.])]:[array([2159725., 2159725.,   77744.,   21441.])]:[array([53009., 53009.,  1930., 14206.])]:[array([215036., 215036.,    838.,  11535.])]:[array([19518., 19518.,   132.,  2744.])]:[array([63428., 63428.,  2909., 16627.])]:[array([67072., 67072.,  1077.,  9603.])]:[array([108083., 108083.,    240.,   3670.])]:[array([1623914., 1623914.,   10228.,   14805.])]:
[array([ 55.,   0.,   0., 222.])]:[array([2159725.,   77744.,   21441.,   21441.])]:[array([53009.,  1930., 14206., 14206.])]:[array([215036.,    838.,  11535.,  11535.])]:[array([19518.,   132.,  2744.,  2744.])]:[array([63428.,  2909., 16627., 16627.])]:[array([67072.,  1077.,  9603.,  9603.])]:[array([108083.,    240.,   3670.,   3670.])]:[array([1623914.,   10228.,   14805.,   14805.])]:
[array([  0.,   0., 222., 131.])]:[array([77744., 21441., 21441., 21441.])]:[array([ 1930., 14206., 14206., 14206.])]:[array([  838., 11535., 11535., 11535.])]:[array([ 132., 2744., 2744., 2744.])]:[array([ 2909., 16627., 16627., 16627.])]:[array([1077., 9603., 9603., 9603.])]:[array([ 240., 3670., 3670., 3670.])]:[array([10228., 14805., 14805., 14805.])]:
[array([  0., 222., 131.,   0.])]:[array([  21441.,   21441.,   21441., 1384832.])]:[array([ 14206.,  14206.,  14206., 114122.])]:[array([11535., 11535., 11535., 50535.])]:[array([2744., 2744., 2744., 9682.])]:[array([16627., 16627., 16627., 84371.])]:[array([ 9603.,  9603.,  9603., 16962.])]:[array([3670., 3670., 3670., 7225.])]:[array([14805., 14805., 14805., 62536.])]:
[array([222., 131.,   0., 206.])]:[array([  21441.,   21441., 1384832., 1384832.])]:[array([ 14206.,  14206., 114122., 114122.])]:[array([11535., 11535., 50535., 50535.])]:[array([2744., 2744., 9682., 9682.])]:[array([16627., 16627., 84371., 84371.])]:[array([ 9603.,  9603., 16962., 16962.])]:[array([3670., 3670., 7225., 7225.])]:[array([14805., 14805., 62536., 62536.])]:
[array([131.,   0., 206.,   0.])]:[array([  21441., 1384832., 1384832.,  291136.])]:[array([ 14206., 114122., 114122.,  23182.])]:[array([11535., 50535., 50535., 27536.])]:[array([2744., 9682., 9682., 3407.])]:[array([ 16627.,  84371.,  84371., 122859.])]:[array([ 9603., 16962., 16962., 28339.])]:[array([3670., 7225., 7225., 2429.])]:[array([ 14805.,  62536.,  62536., 124271.])]:
[array([  0., 206.,   0.,  68.])]:[array([1384832., 1384832.,  291136.,  291136.])]:[array([114122., 114122.,  23182.,  23182.])]:[array([50535., 50535., 27536., 27536.])]:[array([9682., 9682., 3407., 3407.])]:[array([ 84371.,  84371., 122859., 122859.])]:[array([16962., 16962., 28339., 28339.])]:[array([7225., 7225., 2429., 2429.])]:[array([ 62536.,  62536., 124271., 124271.])]:
[array([206.,   0.,  68.,   0.])]:[array([1384832.,  291136.,  291136., 2091192.])]:[array([114122.,  23182.,  23182., 309879.])]:[array([50535., 27536., 27536., 81234.])]:[array([9682., 3407., 3407., 3270.])]:[array([ 84371., 122859., 122859., 170552.])]:[array([16962., 28339., 28339., 24096.])]:[array([ 7225.,  2429.,  2429., 11378.])]:[array([  62536.,  124271.,  124271., 1153339.])]:
[array([  0.,  68.,   0., 204.])]:[array([ 291136.,  291136., 2091192., 2091192.])]:[array([ 23182.,  23182., 309879., 309879.])]:[array([27536., 27536., 81234., 81234.])]:[array([3407., 3407., 3270., 3270.])]:[array([122859., 122859., 170552., 170552.])]:[array([28339., 28339., 24096., 24096.])]:[array([ 2429.,  2429., 11378., 11378.])]:[array([ 124271.,  124271., 1153339., 1153339.])]:
[array([ 68.,   0., 204.,  89.])]:[array([ 291136., 2091192., 2091192., 2091192.])]:[array([ 23182., 309879., 309879., 309879.])]:[array([27536., 81234., 81234., 81234.])]:[array([3407., 3270., 3270., 3270.])]:[array([122859., 170552., 170552., 170552.])]:[array([28339., 24096., 24096., 24096.])]:[array([ 2429., 11378., 11378., 11378.])]:[array([ 124271., 1153339., 1153339., 1153339.])]:
[array([  0., 204.,  89.,   0.])]:[array([2091192., 2091192., 2091192.,  861081.])]:[array([309879., 309879., 309879.,  33541.])]:[array([81234., 81234., 81234., 15764.])]:[array([3270., 3270., 3270., 4972.])]:[array([170552., 170552., 170552., 151804.])]:[array([24096., 24096., 24096., 34726.])]:[array([11378., 11378., 11378.,  8125.])]:[array([1153339., 1153339., 1153339.,  196128.])]:
[array([204.,  89.,   0., 198.])]:[array([2091192., 2091192.,  861081.,  861081.])]:[array([309879., 309879.,  33541.,  33541.])]:[array([81234., 81234., 15764., 15764.])]:[array([3270., 3270., 4972., 4972.])]:[array([170552., 170552., 151804., 151804.])]:[array([24096., 24096., 34726., 34726.])]:[array([11378., 11378.,  8125.,  8125.])]:[array([1153339., 1153339.,  196128.,  196128.])]:
[array([ 89.,   0., 198.,   0.])]:[array([2091192.,  861081.,  861081., 1403309.])]:[array([309879.,  33541.,  33541., 179806.])]:[array([81234., 15764., 15764., 72671.])]:[array([ 3270.,  4972.,  4972., 21259.])]:[array([170552., 151804., 151804., 216058.])]:[array([24096., 34726., 34726., 39068.])]:[array([11378.,  8125.,  8125., 13947.])]:[array([1153339.,  196128.,  196128.,  648233.])]:
[array([  0., 198.,   0., 166.])]:[array([ 861081.,  861081., 1403309., 1403309.])]:[array([ 33541.,  33541., 179806., 179806.])]:[array([15764., 15764., 72671., 72671.])]:[array([ 4972.,  4972., 21259., 21259.])]:[array([151804., 151804., 216058., 216058.])]:[array([34726., 34726., 39068., 39068.])]:[array([ 8125.,  8125., 13947., 13947.])]:[array([196128., 196128., 648233., 648233.])]:
[array([198.,   0., 166.,   0.])]:[array([ 861081., 1403309., 1403309.,  569686.])]:[array([ 33541., 179806., 179806.,   9914.])]:[array([15764., 72671., 72671.,  2442.])]:[array([ 4972., 21259., 21259.,   505.])]:[array([151804., 216058., 216058.,  12187.])]:[array([34726., 39068., 39068.,  4615.])]:[array([ 8125., 13947., 13947.,   403.])]:[array([196128., 648233., 648233.,  35978.])]:
[array([  0., 166.,   0., 226.])]:[array([1403309., 1403309.,  569686.,  569686.])]:[array([179806., 179806.,   9914.,   9914.])]:[array([72671., 72671.,  2442.,  2442.])]:[array([21259., 21259.,   505.,   505.])]:[array([216058., 216058.,  12187.,  12187.])]:[array([39068., 39068.,  4615.,  4615.])]:[array([13947., 13947.,   403.,   403.])]:[array([648233., 648233.,  35978.,  35978.])]:
[array([166.,   0., 226., 127.])]:[array([1403309.,  569686.,  569686.,  569686.])]:[array([179806.,   9914.,   9914.,   9914.])]:[array([72671.,  2442.,  2442.,  2442.])]:[array([21259.,   505.,   505.,   505.])]:[array([216058.,  12187.,  12187.,  12187.])]:[array([39068.,  4615.,  4615.,  4615.])]:[array([13947.,   403.,   403.,   403.])]:[array([648233.,  35978.,  35978.,  35978.])]:
[array([  0., 226., 127.,   0.])]:[array([569686., 569686., 569686., 939674.])]:[array([ 9914.,  9914.,  9914., 29276.])]:[array([2442., 2442., 2442., 8432.])]:[array([ 505.,  505.,  505., 1070.])]:[array([12187., 12187., 12187., 42187.])]:[array([4615., 4615., 4615., 6925.])]:[array([ 403.,  403.,  403., 3724.])]:[array([ 35978.,  35978.,  35978., 217094.])]:
[array([226., 127.,   0.,  55.])]:[array([569686., 569686., 939674., 939674.])]:[array([ 9914.,  9914., 29276., 29276.])]:[array([2442., 2442., 8432., 8432.])]:[array([ 505.,  505., 1070., 1070.])]:[array([12187., 12187., 42187., 42187.])]:[array([4615., 4615., 6925., 6925.])]:[array([ 403.,  403., 3724., 3724.])]:[array([ 35978.,  35978., 217094., 217094.])]:
[array([127.,   0.,  55.,   0.])]:[array([569686., 939674., 939674., 100893.])]:[array([ 9914., 29276., 29276.,  3661.])]:[array([2442., 8432., 8432.,  404.])]:[array([ 505., 1070., 1070.,  104.])]:[array([12187., 42187., 42187.,   593.])]:[array([4615., 6925., 6925., 1040.])]:[array([ 403., 3724., 3724.,  211.])]:[array([ 35978., 217094., 217094.,   5010.])]:
[array([ 0., 55.,  0.,  0.])]:[array([939674., 939674., 100893.,  98759.])]:[array([29276., 29276.,  3661.,  9294.])]:[array([8432., 8432.,  404., 3818.])]:[array([1070., 1070.,  104.,  676.])]:[array([42187., 42187.,   593., 19585.])]:[array([6925., 6925., 1040., 9331.])]:[array([3724., 3724.,  211., 2745.])]:[array([217094., 217094.,   5010.,  18892.])]:
[array([55.,  0.,  0.,  0.])]:[array([939674., 100893.,  98759., 378420.])]:[array([29276.,  3661.,  9294.,  9715.])]:[array([ 8432.,   404.,  3818., 44621.])]:[array([1070.,  104.,  676., 4002.])]:[array([42187.,   593., 19585., 51127.])]:[array([ 6925.,  1040.,  9331., 11315.])]:[array([ 3724.,   211.,  2745., 17369.])]:[array([217094.,   5010.,  18892., 117302.])]:
[array([0., 0., 0., 0.])]:[array([100893.,  98759., 378420.,  61822.])]:[array([ 3661.,  9294.,  9715., 11680.])]:[array([  404.,  3818., 44621.,  5027.])]:[array([ 104.,  676., 4002.,  801.])]:[array([  593., 19585., 51127.,  9811.])]:[array([ 1040.,  9331., 11315.,  3238.])]:[array([  211.,  2745., 17369.,   796.])]:[array([  5010.,  18892., 117302.,  30934.])]:
[array([ 0.,  0.,  0., 63.])]:[array([ 98759., 378420.,  61822.,  61822.])]:[array([ 9294.,  9715., 11680., 11680.])]:[array([ 3818., 44621.,  5027.,  5027.])]:[array([ 676., 4002.,  801.,  801.])]:[array([19585., 51127.,  9811.,  9811.])]:[array([ 9331., 11315.,  3238.,  3238.])]:[array([ 2745., 17369.,   796.,   796.])]:[array([ 18892., 117302.,  30934.,  30934.])]:
[array([ 0.,  0., 63., 68.])]:[array([378420.,  61822.,  61822.,  61822.])]:[array([ 9715., 11680., 11680., 11680.])]:[array([44621.,  5027.,  5027.,  5027.])]:[array([4002.,  801.,  801.,  801.])]:[array([51127.,  9811.,  9811.,  9811.])]:[array([11315.,  3238.,  3238.,  3238.])]:[array([17369.,   796.,   796.,   796.])]:[array([117302.,  30934.,  30934.,  30934.])]:
[array([ 0., 63., 68.,  0.])]:[array([  61822.,   61822.,   61822., 1956418.])]:[array([11680., 11680., 11680., 14573.])]:[array([5027., 5027., 5027., 8583.])]:[array([ 801.,  801.,  801., 8549.])]:[array([ 9811.,  9811.,  9811., 25198.])]:[array([ 3238.,  3238.,  3238., 15846.])]:[array([ 796.,  796.,  796., 1987.])]:[array([ 30934.,  30934.,  30934., 134140.])]:
[array([63., 68.,  0.,  0.])]:[array([  61822.,   61822., 1956418.,   19686.])]:[array([11680., 11680., 14573.,  3727.])]:[array([5027., 5027., 8583., 5941.])]:[array([ 801.,  801., 8549.,  843.])]:[array([ 9811.,  9811., 25198.,  6159.])]:[array([ 3238.,  3238., 15846., 15083.])]:[array([ 796.,  796., 1987., 2192.])]:[array([ 30934.,  30934., 134140.,  17422.])]:
[array([68.,  0.,  0., 52.])]:[array([  61822., 1956418.,   19686.,   19686.])]:[array([11680., 14573.,  3727.,  3727.])]:[array([5027., 8583., 5941., 5941.])]:[array([ 801., 8549.,  843.,  843.])]:[array([ 9811., 25198.,  6159.,  6159.])]:[array([ 3238., 15846., 15083., 15083.])]:[array([ 796., 1987., 2192., 2192.])]:[array([ 30934., 134140.,  17422.,  17422.])]:
[array([ 0.,  0., 52.,  0.])]:[array([1956418.,   19686.,   19686.,   90742.])]:[array([14573.,  3727.,  3727.,  2431.])]:[array([8583., 5941., 5941., 3201.])]:[array([8549.,  843.,  843.,  475.])]:[array([25198.,  6159.,  6159.,  3725.])]:[array([15846., 15083., 15083.,  3276.])]:[array([1987., 2192., 2192., 1518.])]:[array([134140.,  17422.,  17422.,   7562.])]:
[array([ 0., 52.,  0.,  0.])]:[array([19686., 19686., 90742., 65636.])]:[array([3727., 3727., 2431., 1108.])]:[array([5941., 5941., 3201., 1357.])]:[array([843., 843., 475., 412.])]:[array([ 6159.,  6159.,  3725., 14269.])]:[array([15083., 15083.,  3276.,  7069.])]:[array([2192., 2192., 1518.,  731.])]:[array([17422., 17422.,  7562., 53221.])]:
[array([52.,  0.,  0., 61.])]:[array([19686., 90742., 65636., 65636.])]:[array([3727., 2431., 1108., 1108.])]:[array([5941., 3201., 1357., 1357.])]:[array([843., 475., 412., 412.])]:[array([ 6159.,  3725., 14269., 14269.])]:[array([15083.,  3276.,  7069.,  7069.])]:[array([2192., 1518.,  731.,  731.])]:[array([17422.,  7562., 53221., 53221.])]:
[array([  0.,   0.,  61., 215.])]:[array([90742., 65636., 65636., 65636.])]:[array([2431., 1108., 1108., 1108.])]:[array([3201., 1357., 1357., 1357.])]:[array([475., 412., 412., 412.])]:[array([ 3725., 14269., 14269., 14269.])]:[array([3276., 7069., 7069., 7069.])]:[array([1518.,  731.,  731.,  731.])]:[array([ 7562., 53221., 53221., 53221.])]:
[array([  0.,  61., 215.,  88.])]:[array([65636., 65636., 65636., 65636.])]:[array([1108., 1108., 1108., 1108.])]:[array([1357., 1357., 1357., 1357.])]:[array([412., 412., 412., 412.])]:[array([14269., 14269., 14269., 14269.])]:[array([7069., 7069., 7069., 7069.])]:[array([731., 731., 731., 731.])]:[array([53221., 53221., 53221., 53221.])]:
[array([ 61., 215.,  88.,  70.])]:[array([65636., 65636., 65636., 65636.])]:[array([1108., 1108., 1108., 1108.])]:[array([1357., 1357., 1357., 1357.])]:[array([412., 412., 412., 412.])]:[array([14269., 14269., 14269., 14269.])]:[array([7069., 7069., 7069., 7069.])]:[array([731., 731., 731., 731.])]:[array([53221., 53221., 53221., 53221.])]:
[array([215.,  88.,  70.,   0.])]:[array([ 65636.,  65636.,  65636., 469321.])]:[array([1108., 1108., 1108., 7149.])]:[array([1357., 1357., 1357., 2929.])]:[array([412., 412., 412., 504.])]:[array([14269., 14269., 14269., 12722.])]:[array([7069., 7069., 7069., 6615.])]:[array([ 731.,  731.,  731., 2004.])]:[array([53221., 53221., 53221., 28393.])]:
[array([88., 70.,  0.,  0.])]:[array([ 65636.,  65636., 469321.,  10207.])]:[array([ 1108.,  1108.,  7149., 28104.])]:[array([1357., 1357., 2929., 5908.])]:[array([ 412.,  412.,  504., 1121.])]:[array([14269., 14269., 12722., 32082.])]:[array([7069., 7069., 6615., 7845.])]:[array([ 731.,  731., 2004., 1710.])]:[array([53221., 53221., 28393., 67817.])]:
[array([70.,  0.,  0.,  0.])]:[array([ 65636., 469321.,  10207., 128394.])]:[array([ 1108.,  7149., 28104.,  3123.])]:[array([1357., 2929., 5908., 2835.])]:[array([ 412.,  504., 1121.,  713.])]:[array([14269., 12722., 32082.,  3908.])]:[array([7069., 6615., 7845., 1938.])]:[array([ 731., 2004., 1710.,  720.])]:[array([53221., 28393., 67817., 10583.])]:
[array([0., 0., 0., 0.])]:[array([469321.,  10207., 128394.,   2855.])]:[array([ 7149., 28104.,  3123., 15160.])]:[array([2929., 5908., 2835., 6872.])]:[array([ 504., 1121.,  713., 2873.])]:[array([12722., 32082.,  3908.,  7478.])]:[array([6615., 7845., 1938., 7443.])]:[array([2004., 1710.,  720., 3102.])]:[array([28393., 67817., 10583., 32276.])]:
[array([ 0.,  0.,  0., 61.])]:[array([ 10207., 128394.,   2855.,   2855.])]:[array([28104.,  3123., 15160., 15160.])]:[array([5908., 2835., 6872., 6872.])]:[array([1121.,  713., 2873., 2873.])]:[array([32082.,  3908.,  7478.,  7478.])]:[array([7845., 1938., 7443., 7443.])]:[array([1710.,  720., 3102., 3102.])]:[array([67817., 10583., 32276., 32276.])]:
[array([ 0.,  0., 61.,  0.])]:[array([128394.,   2855.,   2855.,  36598.])]:[array([ 3123., 15160., 15160.,   705.])]:[array([2835., 6872., 6872., 1840.])]:[array([ 713., 2873., 2873.,  728.])]:[array([3908., 7478., 7478.,  736.])]:[array([1938., 7443., 7443., 2744.])]:[array([ 720., 3102., 3102.,  602.])]:[array([10583., 32276., 32276.,  5218.])]:
[array([ 0., 61.,  0.,  0.])]:[array([ 2855.,  2855., 36598., 31492.])]:[array([15160., 15160.,   705.,  7568.])]:[array([6872., 6872., 1840., 4498.])]:[array([2873., 2873.,  728., 1272.])]:[array([7478., 7478.,  736., 5827.])]:[array([7443., 7443., 2744., 3857.])]:[array([3102., 3102.,  602., 4943.])]:[array([32276., 32276.,  5218., 34822.])]:
[array([61.,  0.,  0., 59.])]:[array([ 2855., 36598., 31492., 31492.])]:[array([15160.,   705.,  7568.,  7568.])]:[array([6872., 1840., 4498., 4498.])]:[array([2873.,  728., 1272., 1272.])]:[array([7478.,  736., 5827., 5827.])]:[array([7443., 2744., 3857., 3857.])]:[array([3102.,  602., 4943., 4943.])]:[array([32276.,  5218., 34822., 34822.])]:
[array([ 0.,  0., 59.,  0.])]:[array([ 36598.,  31492.,  31492., 274923.])]:[array([ 705., 7568., 7568., 3794.])]:[array([1840., 4498., 4498., 2887.])]:[array([ 728., 1272., 1272.,  261.])]:[array([ 736., 5827., 5827., 9962.])]:[array([2744., 3857., 3857., 1715.])]:[array([ 602., 4943., 4943.,  725.])]:[array([ 5218., 34822., 34822., 37744.])]:
[array([ 0., 59.,  0.,  0.])]:[array([ 31492.,  31492., 274923., 103944.])]:[array([7568., 7568., 3794., 3397.])]:[array([4498., 4498., 2887., 2366.])]:[array([1272., 1272.,  261.,  611.])]:[array([5827., 5827., 9962., 3771.])]:[array([3857., 3857., 1715., 1958.])]:[array([4943., 4943.,  725., 1159.])]:[array([34822., 34822., 37744., 13563.])]:
[array([59.,  0.,  0., 57.])]:[array([ 31492., 274923., 103944., 103944.])]:[array([7568., 3794., 3397., 3397.])]:[array([4498., 2887., 2366., 2366.])]:[array([1272.,  261.,  611.,  611.])]:[array([5827., 9962., 3771., 3771.])]:[array([3857., 1715., 1958., 1958.])]:[array([4943.,  725., 1159., 1159.])]:[array([34822., 37744., 13563., 13563.])]:
[array([ 0.,  0., 57.,  0.])]:[array([274923., 103944., 103944.,  83896.])]:[array([3794., 3397., 3397.,  272.])]:[array([2887., 2366., 2366.,  485.])]:[array([261., 611., 611.,  86.])]:[array([9962., 3771., 3771., 2803.])]:[array([1715., 1958., 1958.,  442.])]:[array([ 725., 1159., 1159.,  120.])]:[array([37744., 13563., 13563., 10966.])]:
