[array([ 0.,  0., 97.,  0.])]:[array([2.00000e+00, 3.81719e+05, 3.81719e+05, 2.04798e+05])]:[array([    0.,  8859.,  8859., 17114.])]:[array([2.000e+00, 4.707e+03, 4.707e+03, 1.904e+04])]:[array([   0.,  998.,  998., 3669.])]:[array([    0., 20712., 20712., 22338.])]:[array([1.0000e+00, 1.0072e+04, 1.0072e+04, 1.4451e+04])]:[array([1.000e+00, 3.393e+03, 3.393e+03, 9.143e+03])]:[array([     0.,  46606.,  46606., 162459.])]:
[array([  0.,  97.,   0., 132.])]:[array([381719., 381719., 204798., 204798.])]:[array([ 8859.,  8859., 17114., 17114.])]:[array([ 4707.,  4707., 19040., 19040.])]:[array([ 998.,  998., 3669., 3669.])]:[array([20712., 20712., 22338., 22338.])]:[array([10072., 10072., 14451., 14451.])]:[array([3393., 3393., 9143., 9143.])]:[array([ 46606.,  46606., 162459., 162459.])]:
[array([ 97.,   0., 132.,   0.])]:[array([381719., 204798., 204798., 673564.])]:[array([ 8859., 17114., 17114.,  3396.])]:[array([ 4707., 19040., 19040.,  1066.])]:[array([ 998., 3669., 3669.,  484.])]:[array([20712., 22338., 22338.,  5782.])]:[array([10072., 14451., 14451.,  1988.])]:[array([3393., 9143., 9143.,  894.])]:[array([ 46606., 162459., 162459.,  14756.])]:
[array([  0., 132.,   0., 110.])]:[array([204798., 204798., 673564., 673564.])]:[array([17114., 17114.,  3396.,  3396.])]:[array([19040., 19040.,  1066.,  1066.])]:[array([3669., 3669.,  484.,  484.])]:[array([22338., 22338.,  5782.,  5782.])]:[array([14451., 14451.,  1988.,  1988.])]:[array([9143., 9143.,  894.,  894.])]:[array([162459., 162459.,  14756.,  14756.])]:
[array([132.,   0., 110.,  91.])]:[array([204798., 673564., 673564., 673564.])]:[array([17114.,  3396.,  3396.,  3396.])]:[array([19040.,  1066.,  1066.,  1066.])]:[array([3669.,  484.,  484.,  484.])]:[array([22338.,  5782.,  5782.,  5782.])]:[array([14451.,  1988.,  1988.,  1988.])]:[array([9143.,  894.,  894.,  894.])]:[array([162459.,  14756.,  14756.,  14756.])]:
[array([  0., 110.,  91.,   0.])]:[array([673564., 673564., 673564., 237393.])]:[array([3396., 3396., 3396., 2521.])]:[array([1066., 1066., 1066., 4230.])]:[array([ 484.,  484.,  484., 1768.])]:[array([5782., 5782., 5782., 5937.])]:[array([1988., 1988., 1988., 1940.])]:[array([ 894.,  894.,  894., 5094.])]:[array([14756., 14756., 14756., 29319.])]:
[array([110.,  91.,   0.,   0.])]:[array([673564., 673564., 237393.,  16441.])]:[array([ 3396.,  3396.,  2521., 11873.])]:[array([1066., 1066., 4230., 8822.])]:[array([ 484.,  484., 1768., 2821.])]:[array([ 5782.,  5782.,  5937., 12871.])]:[array([ 1988.,  1988.,  1940., 18986.])]:[array([ 894.,  894., 5094., 3086.])]:[array([14756., 14756., 29319., 62761.])]:
[array([ 91.,   0.,   0., 141.])]:[array([673564., 237393.,  16441.,  16441.])]:[array([ 3396.,  2521., 11873., 11873.])]:[array([1066., 4230., 8822., 8822.])]:[array([ 484., 1768., 2821., 2821.])]:[array([ 5782.,  5937., 12871., 12871.])]:[array([ 1988.,  1940., 18986., 18986.])]:[array([ 894., 5094., 3086., 3086.])]:[array([14756., 29319., 62761., 62761.])]:
[array([  0.,   0., 141.,  80.])]:[array([237393.,  16441.,  16441.,  16441.])]:[array([ 2521., 11873., 11873., 11873.])]:[array([4230., 8822., 8822., 8822.])]:[array([1768., 2821., 2821., 2821.])]:[array([ 5937., 12871., 12871., 12871.])]:[array([ 1940., 18986., 18986., 18986.])]:[array([5094., 3086., 3086., 3086.])]:[array([29319., 62761., 62761., 62761.])]:
[array([  0., 141.,  80.,   0.])]:[array([  16441.,   16441.,   16441., 1309393.])]:[array([ 11873.,  11873.,  11873., 204111.])]:[array([ 8822.,  8822.,  8822., 36160.])]:[array([2821., 2821., 2821., 8414.])]:[array([12871., 12871., 12871., 85913.])]:[array([18986., 18986., 18986., 34186.])]:[array([ 3086.,  3086.,  3086., 33877.])]:[array([ 62761.,  62761.,  62761., 435580.])]:
[array([141.,  80.,   0.,   0.])]:[array([  16441.,   16441., 1309393.,   47459.])]:[array([ 11873.,  11873., 204111.,  14817.])]:[array([ 8822.,  8822., 36160.,  9456.])]:[array([2821., 2821., 8414., 1668.])]:[array([12871., 12871., 85913.,  4941.])]:[array([18986., 18986., 34186., 15391.])]:[array([ 3086.,  3086., 33877.,  1277.])]:[array([ 62761.,  62761., 435580.,  42558.])]:
[array([ 80.,   0.,   0., 111.])]:[array([  16441., 1309393.,   47459.,   47459.])]:[array([ 11873., 204111.,  14817.,  14817.])]:[array([ 8822., 36160.,  9456.,  9456.])]:[array([2821., 8414., 1668., 1668.])]:[array([12871., 85913.,  4941.,  4941.])]:[array([18986., 34186., 15391., 15391.])]:[array([ 3086., 33877.,  1277.,  1277.])]:[array([ 62761., 435580.,  42558.,  42558.])]:
[array([  0.,   0., 111.,  77.])]:[array([1309393.,   47459.,   47459.,   47459.])]:[array([204111.,  14817.,  14817.,  14817.])]:[array([36160.,  9456.,  9456.,  9456.])]:[array([8414., 1668., 1668., 1668.])]:[array([85913.,  4941.,  4941.,  4941.])]:[array([34186., 15391., 15391., 15391.])]:[array([33877.,  1277.,  1277.,  1277.])]:[array([435580.,  42558.,  42558.,  42558.])]:
[array([  0., 111.,  77.,   0.])]:[array([47459., 47459., 47459., 12523.])]:[array([14817., 14817., 14817.,  5241.])]:[array([9456., 9456., 9456., 2519.])]:[array([1668., 1668., 1668.,  863.])]:[array([4941., 4941., 4941., 3664.])]:[array([15391., 15391., 15391.,  5504.])]:[array([1277., 1277., 1277., 3414.])]:[array([42558., 42558., 42558., 12792.])]:
[array([111.,  77.,   0.,  55.])]:[array([47459., 47459., 12523., 12523.])]:[array([14817., 14817.,  5241.,  5241.])]:[array([9456., 9456., 2519., 2519.])]:[array([1668., 1668.,  863.,  863.])]:[array([4941., 4941., 3664., 3664.])]:[array([15391., 15391.,  5504.,  5504.])]:[array([1277., 1277., 3414., 3414.])]:[array([42558., 42558., 12792., 12792.])]:
[array([77.,  0., 55.,  0.])]:[array([ 47459.,  12523.,  12523., 787231.])]:[array([14817.,  5241.,  5241., 39741.])]:[array([9456., 2519., 2519., 7816.])]:[array([1668.,  863.,  863., 1628.])]:[array([ 4941.,  3664.,  3664., 10001.])]:[array([15391.,  5504.,  5504.,  7336.])]:[array([1277., 3414., 3414., 5581.])]:[array([ 42558.,  12792.,  12792., 191157.])]:
[array([ 0., 55.,  0.,  0.])]:[array([ 12523.,  12523., 787231., 259716.])]:[array([ 5241.,  5241., 39741., 26496.])]:[array([ 2519.,  2519.,  7816., 19852.])]:[array([ 863.,  863., 1628., 3751.])]:[array([ 3664.,  3664., 10001., 23119.])]:[array([ 5504.,  5504.,  7336., 13597.])]:[array([3414., 3414., 5581., 7367.])]:[array([ 12792.,  12792., 191157.,  41632.])]:
[array([55.,  0.,  0., 42.])]:[array([ 12523., 787231., 259716., 259716.])]:[array([ 5241., 39741., 26496., 26496.])]:[array([ 2519.,  7816., 19852., 19852.])]:[array([ 863., 1628., 3751., 3751.])]:[array([ 3664., 10001., 23119., 23119.])]:[array([ 5504.,  7336., 13597., 13597.])]:[array([3414., 5581., 7367., 7367.])]:[array([ 12792., 191157.,  41632.,  41632.])]:
[array([ 0.,  0., 42.,  0.])]:[array([787231., 259716., 259716., 122902.])]:[array([39741., 26496., 26496.,  6591.])]:[array([ 7816., 19852., 19852.,  4219.])]:[array([1628., 3751., 3751., 1582.])]:[array([10001., 23119., 23119., 15186.])]:[array([ 7336., 13597., 13597.,  4331.])]:[array([5581., 7367., 7367., 2602.])]:[array([191157.,  41632.,  41632.,  64229.])]:
[array([  0.,  42.,   0., 205.])]:[array([259716., 259716., 122902., 122902.])]:[array([26496., 26496.,  6591.,  6591.])]:[array([19852., 19852.,  4219.,  4219.])]:[array([3751., 3751., 1582., 1582.])]:[array([23119., 23119., 15186., 15186.])]:[array([13597., 13597.,  4331.,  4331.])]:[array([7367., 7367., 2602., 2602.])]:[array([41632., 41632., 64229., 64229.])]:
[array([ 42.,   0., 205.,  61.])]:[array([259716., 122902., 122902., 122902.])]:[array([26496.,  6591.,  6591.,  6591.])]:[array([19852.,  4219.,  4219.,  4219.])]:[array([3751., 1582., 1582., 1582.])]:[array([23119., 15186., 15186., 15186.])]:[array([13597.,  4331.,  4331.,  4331.])]:[array([7367., 2602., 2602., 2602.])]:[array([41632., 64229., 64229., 64229.])]:
[array([  0., 205.,  61.,   0.])]:[array([ 122902.,  122902.,  122902., 1297563.])]:[array([  6591.,   6591.,   6591., 251601.])]:[array([ 4219.,  4219.,  4219., 89868.])]:[array([ 1582.,  1582.,  1582., 40682.])]:[array([ 15186.,  15186.,  15186., 346544.])]:[array([ 4331.,  4331.,  4331., 95056.])]:[array([ 2602.,  2602.,  2602., 32319.])]:[array([ 64229.,  64229.,  64229., 549716.])]:
[array([205.,  61.,   0.,  50.])]:[array([ 122902.,  122902., 1297563., 1297563.])]:[array([  6591.,   6591., 251601., 251601.])]:[array([ 4219.,  4219., 89868., 89868.])]:[array([ 1582.,  1582., 40682., 40682.])]:[array([ 15186.,  15186., 346544., 346544.])]:[array([ 4331.,  4331., 95056., 95056.])]:[array([ 2602.,  2602., 32319., 32319.])]:[array([ 64229.,  64229., 549716., 549716.])]:
[array([61.,  0., 50.,  0.])]:[array([ 122902., 1297563., 1297563., 1277216.])]:[array([  6591., 251601., 251601.,  14901.])]:[array([ 4219., 89868., 89868.,  5184.])]:[array([ 1582., 40682., 40682.,  1470.])]:[array([ 15186., 346544., 346544.,   9660.])]:[array([ 4331., 95056., 95056.,  9654.])]:[array([ 2602., 32319., 32319.,  1191.])]:[array([ 64229., 549716., 549716.,  58687.])]:
[array([ 0., 50.,  0.,  0.])]:[array([1297563., 1297563., 1277216.,   17038.])]:[array([251601., 251601.,  14901.,   7608.])]:[array([89868., 89868.,  5184.,  6772.])]:[array([40682., 40682.,  1470.,  2219.])]:[array([346544., 346544.,   9660.,  18065.])]:[array([95056., 95056.,  9654., 17761.])]:[array([32319., 32319.,  1191.,  2058.])]:[array([549716., 549716.,  58687.,  58269.])]:
[array([ 50.,   0.,   0., 154.])]:[array([1297563., 1277216.,   17038.,   17038.])]:[array([251601.,  14901.,   7608.,   7608.])]:[array([89868.,  5184.,  6772.,  6772.])]:[array([40682.,  1470.,  2219.,  2219.])]:[array([346544.,   9660.,  18065.,  18065.])]:[array([95056.,  9654., 17761., 17761.])]:[array([32319.,  1191.,  2058.,  2058.])]:[array([549716.,  58687.,  58269.,  58269.])]:
[array([  0.,   0., 154.,  65.])]:[array([1277216.,   17038.,   17038.,   17038.])]:[array([14901.,  7608.,  7608.,  7608.])]:[array([5184., 6772., 6772., 6772.])]:[array([1470., 2219., 2219., 2219.])]:[array([ 9660., 18065., 18065., 18065.])]:[array([ 9654., 17761., 17761., 17761.])]:[array([1191., 2058., 2058., 2058.])]:[array([58687., 58269., 58269., 58269.])]:
[array([  0., 154.,  65.,   0.])]:[array([17038., 17038., 17038., 94067.])]:[array([7608., 7608., 7608., 7976.])]:[array([ 6772.,  6772.,  6772., 10246.])]:[array([2219., 2219., 2219.,  850.])]:[array([18065., 18065., 18065., 14533.])]:[array([17761., 17761., 17761., 19762.])]:[array([2058., 2058., 2058., 4590.])]:[array([ 58269.,  58269.,  58269., 107703.])]:
[array([154.,  65.,   0.,  52.])]:[array([17038., 17038., 94067., 94067.])]:[array([7608., 7608., 7976., 7976.])]:[array([ 6772.,  6772., 10246., 10246.])]:[array([2219., 2219.,  850.,  850.])]:[array([18065., 18065., 14533., 14533.])]:[array([17761., 17761., 19762., 19762.])]:[array([2058., 2058., 4590., 4590.])]:[array([ 58269.,  58269., 107703., 107703.])]:
[array([65.,  0., 52.,  0.])]:[array([  17038.,   94067.,   94067., 1185537.])]:[array([ 7608.,  7976.,  7976., 65714.])]:[array([ 6772., 10246., 10246., 26195.])]:[array([2219.,  850.,  850., 3630.])]:[array([18065., 14533., 14533., 17889.])]:[array([17761., 19762., 19762., 15929.])]:[array([2058., 4590., 4590., 3617.])]:[array([ 58269., 107703., 107703., 374018.])]:
[array([ 0., 52.,  0., 88.])]:[array([  94067.,   94067., 1185537., 1185537.])]:[array([ 7976.,  7976., 65714., 65714.])]:[array([10246., 10246., 26195., 26195.])]:[array([ 850.,  850., 3630., 3630.])]:[array([14533., 14533., 17889., 17889.])]:[array([19762., 19762., 15929., 15929.])]:[array([4590., 4590., 3617., 3617.])]:[array([107703., 107703., 374018., 374018.])]:
[array([52.,  0., 88., 50.])]:[array([  94067., 1185537., 1185537., 1185537.])]:[array([ 7976., 65714., 65714., 65714.])]:[array([10246., 26195., 26195., 26195.])]:[array([ 850., 3630., 3630., 3630.])]:[array([14533., 17889., 17889., 17889.])]:[array([19762., 15929., 15929., 15929.])]:[array([4590., 3617., 3617., 3617.])]:[array([107703., 374018., 374018., 374018.])]:
[array([ 0., 88., 50., 67.])]:[array([1185537., 1185537., 1185537., 1185537.])]:[array([65714., 65714., 65714., 65714.])]:[array([26195., 26195., 26195., 26195.])]:[array([3630., 3630., 3630., 3630.])]:[array([17889., 17889., 17889., 17889.])]:[array([15929., 15929., 15929., 15929.])]:[array([3617., 3617., 3617., 3617.])]:[array([374018., 374018., 374018., 374018.])]:
[array([88., 50., 67.,  0.])]:[array([1185537., 1185537., 1185537.,   87780.])]:[array([65714., 65714., 65714.,  3829.])]:[array([26195., 26195., 26195.,  6321.])]:[array([3630., 3630., 3630., 2536.])]:[array([17889., 17889., 17889., 32517.])]:[array([15929., 15929., 15929., 32620.])]:[array([ 3617.,  3617.,  3617., 15150.])]:[array([374018., 374018., 374018., 104891.])]:
[array([50., 67.,  0.,  0.])]:[array([1185537., 1185537.,   87780.,   12504.])]:[array([65714., 65714.,  3829.,  7613.])]:[array([26195., 26195.,  6321.,  9667.])]:[array([3630., 3630., 2536., 2570.])]:[array([17889., 17889., 32517., 21916.])]:[array([15929., 15929., 32620., 11064.])]:[array([ 3617.,  3617., 15150.,  4672.])]:[array([374018., 374018., 104891.,  31021.])]:
[array([67.,  0.,  0., 71.])]:[array([1185537.,   87780.,   12504.,   12504.])]:[array([65714.,  3829.,  7613.,  7613.])]:[array([26195.,  6321.,  9667.,  9667.])]:[array([3630., 2536., 2570., 2570.])]:[array([17889., 32517., 21916., 21916.])]:[array([15929., 32620., 11064., 11064.])]:[array([ 3617., 15150.,  4672.,  4672.])]:[array([374018., 104891.,  31021.,  31021.])]:
[array([ 0.,  0., 71.,  0.])]:[array([ 87780.,  12504.,  12504., 217509.])]:[array([3829., 7613., 7613., 5421.])]:[array([6321., 9667., 9667., 4217.])]:[array([2536., 2570., 2570.,  532.])]:[array([32517., 21916., 21916.,  3144.])]:[array([32620., 11064., 11064.,  6810.])]:[array([15150.,  4672.,  4672.,  1351.])]:[array([104891.,  31021.,  31021.,  14158.])]:
[array([  0.,  71.,   0., 127.])]:[array([ 12504.,  12504., 217509., 217509.])]:[array([7613., 7613., 5421., 5421.])]:[array([9667., 9667., 4217., 4217.])]:[array([2570., 2570.,  532.,  532.])]:[array([21916., 21916.,  3144.,  3144.])]:[array([11064., 11064.,  6810.,  6810.])]:[array([4672., 4672., 1351., 1351.])]:[array([31021., 31021., 14158., 14158.])]:
[array([ 71.,   0., 127.,  69.])]:[array([ 12504., 217509., 217509., 217509.])]:[array([7613., 5421., 5421., 5421.])]:[array([9667., 4217., 4217., 4217.])]:[array([2570.,  532.,  532.,  532.])]:[array([21916.,  3144.,  3144.,  3144.])]:[array([11064.,  6810.,  6810.,  6810.])]:[array([4672., 1351., 1351., 1351.])]:[array([31021., 14158., 14158., 14158.])]:
[array([  0., 127.,  69.,   0.])]:[array([217509., 217509., 217509., 857319.])]:[array([ 5421.,  5421.,  5421., 16735.])]:[array([ 4217.,  4217.,  4217., 29140.])]:[array([ 532.,  532.,  532., 6629.])]:[array([3144., 3144., 3144., 2735.])]:[array([ 6810.,  6810.,  6810., 10935.])]:[array([ 1351.,  1351.,  1351., 18670.])]:[array([14158., 14158., 14158., 44554.])]:
[array([127.,  69.,   0., 153.])]:[array([217509., 217509., 857319., 857319.])]:[array([ 5421.,  5421., 16735., 16735.])]:[array([ 4217.,  4217., 29140., 29140.])]:[array([ 532.,  532., 6629., 6629.])]:[array([3144., 3144., 2735., 2735.])]:[array([ 6810.,  6810., 10935., 10935.])]:[array([ 1351.,  1351., 18670., 18670.])]:[array([14158., 14158., 44554., 44554.])]:
[array([ 69.,   0., 153., 200.])]:[array([217509., 857319., 857319., 857319.])]:[array([ 5421., 16735., 16735., 16735.])]:[array([ 4217., 29140., 29140., 29140.])]:[array([ 532., 6629., 6629., 6629.])]:[array([3144., 2735., 2735., 2735.])]:[array([ 6810., 10935., 10935., 10935.])]:[array([ 1351., 18670., 18670., 18670.])]:[array([14158., 44554., 44554., 44554.])]:
[array([  0., 153., 200.,   0.])]:[array([857319., 857319., 857319., 838409.])]:[array([ 16735.,  16735.,  16735., 119017.])]:[array([ 29140.,  29140.,  29140., 202523.])]:[array([6629., 6629., 6629., 8780.])]:[array([  2735.,   2735.,   2735., 305743.])]:[array([ 10935.,  10935.,  10935., 104998.])]:[array([18670., 18670., 18670., 48292.])]:[array([ 44554.,  44554.,  44554., 363201.])]:
[array([153., 200.,   0., 130.])]:[array([857319., 857319., 838409., 838409.])]:[array([ 16735.,  16735., 119017., 119017.])]:[array([ 29140.,  29140., 202523., 202523.])]:[array([6629., 6629., 8780., 8780.])]:[array([  2735.,   2735., 305743., 305743.])]:[array([ 10935.,  10935., 104998., 104998.])]:[array([18670., 18670., 48292., 48292.])]:[array([ 44554.,  44554., 363201., 363201.])]:
[array([200.,   0., 130., 178.])]:[array([857319., 838409., 838409., 838409.])]:[array([ 16735., 119017., 119017., 119017.])]:[array([ 29140., 202523., 202523., 202523.])]:[array([6629., 8780., 8780., 8780.])]:[array([  2735., 305743., 305743., 305743.])]:[array([ 10935., 104998., 104998., 104998.])]:[array([18670., 48292., 48292., 48292.])]:[array([ 44554., 363201., 363201., 363201.])]:
[array([  0., 130., 178.,  78.])]:[array([838409., 838409., 838409., 838409.])]:[array([119017., 119017., 119017., 119017.])]:[array([202523., 202523., 202523., 202523.])]:[array([8780., 8780., 8780., 8780.])]:[array([305743., 305743., 305743., 305743.])]:[array([104998., 104998., 104998., 104998.])]:[array([48292., 48292., 48292., 48292.])]:[array([363201., 363201., 363201., 363201.])]:
[array([130., 178.,  78.,   0.])]:[array([ 838409.,  838409.,  838409., 2879014.])]:[array([119017., 119017., 119017.,   6899.])]:[array([202523., 202523., 202523.,  27984.])]:[array([ 8780.,  8780.,  8780., 11059.])]:[array([305743., 305743., 305743.,  29126.])]:[array([104998., 104998., 104998.,  53617.])]:[array([48292., 48292., 48292., 13567.])]:[array([363201., 363201., 363201., 825585.])]:
[array([178.,  78.,   0.,  56.])]:[array([ 838409.,  838409., 2879014., 2879014.])]:[array([119017., 119017.,   6899.,   6899.])]:[array([202523., 202523.,  27984.,  27984.])]:[array([ 8780.,  8780., 11059., 11059.])]:[array([305743., 305743.,  29126.,  29126.])]:[array([104998., 104998.,  53617.,  53617.])]:[array([48292., 48292., 13567., 13567.])]:[array([363201., 363201., 825585., 825585.])]:
[array([78.,  0., 56.,  0.])]:[array([ 838409., 2879014., 2879014.,  392552.])]:[array([119017.,   6899.,   6899.,   3945.])]:[array([202523.,  27984.,  27984.,  13554.])]:[array([ 8780., 11059., 11059.,  1699.])]:[array([305743.,  29126.,  29126.,   9257.])]:[array([104998.,  53617.,  53617.,  19580.])]:[array([48292., 13567., 13567.,  6807.])]:[array([363201., 825585., 825585.,  74950.])]:
[array([ 0., 56.,  0.,  0.])]:[array([2879014., 2879014.,  392552.,   24342.])]:[array([ 6899.,  6899.,  3945., 33633.])]:[array([27984., 27984., 13554.,  6660.])]:[array([11059., 11059.,  1699.,  3571.])]:[array([29126., 29126.,  9257.,  8288.])]:[array([53617., 53617., 19580.,  5440.])]:[array([13567., 13567.,  6807., 10461.])]:[array([825585., 825585.,  74950.,  36793.])]:
[array([ 56.,   0.,   0., 114.])]:[array([2879014.,  392552.,   24342.,   24342.])]:[array([ 6899.,  3945., 33633., 33633.])]:[array([27984., 13554.,  6660.,  6660.])]:[array([11059.,  1699.,  3571.,  3571.])]:[array([29126.,  9257.,  8288.,  8288.])]:[array([53617., 19580.,  5440.,  5440.])]:[array([13567.,  6807., 10461., 10461.])]:[array([825585.,  74950.,  36793.,  36793.])]:
[array([  0.,   0., 114.,   0.])]:[array([392552.,  24342.,  24342.,  33693.])]:[array([ 3945., 33633., 33633., 28644.])]:[array([13554.,  6660.,  6660., 16623.])]:[array([1699., 3571., 3571.,  391.])]:[array([ 9257.,  8288.,  8288., 75636.])]:[array([19580.,  5440.,  5440., 27160.])]:[array([ 6807., 10461., 10461.,  7442.])]:[array([74950., 36793., 36793., 89524.])]:
[array([  0., 114.,   0.,   0.])]:[array([24342., 24342., 33693., 64558.])]:[array([33633., 33633., 28644.,  4525.])]:[array([ 6660.,  6660., 16623.,  1132.])]:[array([3571., 3571.,  391.,  531.])]:[array([ 8288.,  8288., 75636.,  5255.])]:[array([ 5440.,  5440., 27160.,  3242.])]:[array([10461., 10461.,  7442.,   771.])]:[array([36793., 36793., 89524., 10750.])]:
[array([114.,   0.,   0.,  48.])]:[array([24342., 33693., 64558., 64558.])]:[array([33633., 28644.,  4525.,  4525.])]:[array([ 6660., 16623.,  1132.,  1132.])]:[array([3571.,  391.,  531.,  531.])]:[array([ 8288., 75636.,  5255.,  5255.])]:[array([ 5440., 27160.,  3242.,  3242.])]:[array([10461.,  7442.,   771.,   771.])]:[array([36793., 89524., 10750., 10750.])]:
[array([ 0.,  0., 48.,  0.])]:[array([ 33693.,  64558.,  64558., 179561.])]:[array([28644.,  4525.,  4525.,   839.])]:[array([16623.,  1132.,  1132.,  1647.])]:[array([391., 531., 531., 257.])]:[array([75636.,  5255.,  5255.,  1899.])]:[array([27160.,  3242.,  3242.,   672.])]:[array([7442.,  771.,  771.,  370.])]:[array([89524., 10750., 10750., 30615.])]:
[array([ 0., 48.,  0.,  0.])]:[array([ 64558.,  64558., 179561., 124083.])]:[array([4525., 4525.,  839.,  635.])]:[array([1132., 1132., 1647., 1992.])]:[array([531., 531., 257., 589.])]:[array([5255., 5255., 1899., 3880.])]:[array([3242., 3242.,  672., 3872.])]:[array([ 771.,  771.,  370., 2189.])]:[array([10750., 10750., 30615., 22980.])]:
[array([48.,  0.,  0., 91.])]:[array([ 64558., 179561., 124083., 124083.])]:[array([4525.,  839.,  635.,  635.])]:[array([1132., 1647., 1992., 1992.])]:[array([531., 257., 589., 589.])]:[array([5255., 1899., 3880., 3880.])]:[array([3242.,  672., 3872., 3872.])]:[array([ 771.,  370., 2189., 2189.])]:[array([10750., 30615., 22980., 22980.])]:
[array([ 0.,  0., 91.,  0.])]:[array([179561., 124083., 124083., 247001.])]:[array([  839.,   635.,   635., 61312.])]:[array([ 1647.,  1992.,  1992., 77047.])]:[array([  257.,   589.,   589., 11207.])]:[array([  1899.,   3880.,   3880., 115563.])]:[array([  672.,  3872.,  3872., 37502.])]:[array([  370.,  2189.,  2189., 21062.])]:[array([ 30615.,  22980.,  22980., 485707.])]:
[array([ 0., 91.,  0.,  0.])]:[array([124083., 124083., 247001.,  56140.])]:[array([  635.,   635., 61312., 18323.])]:[array([ 1992.,  1992., 77047.,  6606.])]:[array([  589.,   589., 11207.,  1472.])]:[array([  3880.,   3880., 115563.,   1846.])]:[array([ 3872.,  3872., 37502.,  3175.])]:[array([ 2189.,  2189., 21062.,  4473.])]:[array([ 22980.,  22980., 485707.,  16974.])]:
[array([91.,  0.,  0.,  0.])]:[array([ 124083.,  247001.,   56140., 1442140.])]:[array([   635.,  61312.,  18323., 163501.])]:[array([  1992.,  77047.,   6606., 237100.])]:[array([  589., 11207.,  1472., 40626.])]:[array([  3880., 115563.,   1846., 291963.])]:[array([  3872.,  37502.,   3175., 285913.])]:[array([ 2189., 21062.,  4473., 27604.])]:[array([  22980.,  485707.,   16974., 2040491.])]:
[array([0., 0., 0., 0.])]:[array([ 247001.,   56140., 1442140.,   44920.])]:[array([ 61312.,  18323., 163501.,   4280.])]:[array([ 77047.,   6606., 237100.,   7922.])]:[array([11207.,  1472., 40626.,  3511.])]:[array([115563.,   1846., 291963.,   7712.])]:[array([ 37502.,   3175., 285913.,   4958.])]:[array([21062.,  4473., 27604.,  1568.])]:[array([ 485707.,   16974., 2040491.,   20470.])]:
[array([ 0.,  0.,  0., 59.])]:[array([  56140., 1442140.,   44920.,   44920.])]:[array([ 18323., 163501.,   4280.,   4280.])]:[array([  6606., 237100.,   7922.,   7922.])]:[array([ 1472., 40626.,  3511.,  3511.])]:[array([  1846., 291963.,   7712.,   7712.])]:[array([  3175., 285913.,   4958.,   4958.])]:[array([ 4473., 27604.,  1568.,  1568.])]:[array([  16974., 2040491.,   20470.,   20470.])]:
[array([ 0.,  0., 59., 46.])]:[array([1442140.,   44920.,   44920.,   44920.])]:[array([163501.,   4280.,   4280.,   4280.])]:[array([237100.,   7922.,   7922.,   7922.])]:[array([40626.,  3511.,  3511.,  3511.])]:[array([291963.,   7712.,   7712.,   7712.])]:[array([285913.,   4958.,   4958.,   4958.])]:[array([27604.,  1568.,  1568.,  1568.])]:[array([2040491.,   20470.,   20470.,   20470.])]:
[array([  0.,  59.,  46., 129.])]:[array([44920., 44920., 44920., 44920.])]:[array([4280., 4280., 4280., 4280.])]:[array([7922., 7922., 7922., 7922.])]:[array([3511., 3511., 3511., 3511.])]:[array([7712., 7712., 7712., 7712.])]:[array([4958., 4958., 4958., 4958.])]:[array([1568., 1568., 1568., 1568.])]:[array([20470., 20470., 20470., 20470.])]:
[array([ 59.,  46., 129.,  52.])]:[array([44920., 44920., 44920., 44920.])]:[array([4280., 4280., 4280., 4280.])]:[array([7922., 7922., 7922., 7922.])]:[array([3511., 3511., 3511., 3511.])]:[array([7712., 7712., 7712., 7712.])]:[array([4958., 4958., 4958., 4958.])]:[array([1568., 1568., 1568., 1568.])]:[array([20470., 20470., 20470., 20470.])]:
[array([ 46., 129.,  52.,   0.])]:[array([ 44920.,  44920.,  44920., 437376.])]:[array([4280., 4280., 4280., 9933.])]:[array([7922., 7922., 7922., 2159.])]:[array([3511., 3511., 3511.,  435.])]:[array([ 7712.,  7712.,  7712., 21983.])]:[array([4958., 4958., 4958., 2343.])]:[array([1568., 1568., 1568.,  802.])]:[array([20470., 20470., 20470., 57078.])]:
[array([129.,  52.,   0.,   0.])]:[array([ 44920.,  44920., 437376.,  64544.])]:[array([4280., 4280., 9933., 2338.])]:[array([7922., 7922., 2159., 1488.])]:[array([3511., 3511.,  435.,  130.])]:[array([ 7712.,  7712., 21983.,  2314.])]:[array([4958., 4958., 2343., 1894.])]:[array([1568., 1568.,  802.,  353.])]:[array([20470., 20470., 57078., 17270.])]:
[array([52.,  0.,  0., 56.])]:[array([ 44920., 437376.,  64544.,  64544.])]:[array([4280., 9933., 2338., 2338.])]:[array([7922., 2159., 1488., 1488.])]:[array([3511.,  435.,  130.,  130.])]:[array([ 7712., 21983.,  2314.,  2314.])]:[array([4958., 2343., 1894., 1894.])]:[array([1568.,  802.,  353.,  353.])]:[array([20470., 57078., 17270., 17270.])]:
[array([ 0.,  0., 56.,  0.])]:[array([437376.,  64544.,  64544., 709238.])]:[array([ 9933.,  2338.,  2338., 55351.])]:[array([2159., 1488., 1488., 5509.])]:[array([ 435.,  130.,  130., 4530.])]:[array([21983.,  2314.,  2314., 24221.])]:[array([ 2343.,  1894.,  1894., 12149.])]:[array([ 802.,  353.,  353., 8383.])]:[array([57078., 17270., 17270., 17103.])]:
[array([ 0., 56.,  0.,  0.])]:[array([ 64544.,  64544., 709238.,  13965.])]:[array([ 2338.,  2338., 55351.,  1461.])]:[array([1488., 1488., 5509., 1673.])]:[array([ 130.,  130., 4530.,  559.])]:[array([ 2314.,  2314., 24221.,  4380.])]:[array([ 1894.,  1894., 12149.,  1832.])]:[array([ 353.,  353., 8383.,  860.])]:[array([17270., 17270., 17103.,  7908.])]:
[array([56.,  0.,  0., 47.])]:[array([ 64544., 709238.,  13965.,  13965.])]:[array([ 2338., 55351.,  1461.,  1461.])]:[array([1488., 5509., 1673., 1673.])]:[array([ 130., 4530.,  559.,  559.])]:[array([ 2314., 24221.,  4380.,  4380.])]:[array([ 1894., 12149.,  1832.,  1832.])]:[array([ 353., 8383.,  860.,  860.])]:[array([17270., 17103.,  7908.,  7908.])]:
[array([ 0.,  0., 47.,  0.])]:[array([709238.,  13965.,  13965.,  46514.])]:[array([55351.,  1461.,  1461.,  1023.])]:[array([5509., 1673., 1673.,  668.])]:[array([4530.,  559.,  559.,  122.])]:[array([24221.,  4380.,  4380.,  4191.])]:[array([12149.,  1832.,  1832.,   904.])]:[array([8383.,  860.,  860.,  842.])]:[array([17103.,  7908.,  7908.,  2593.])]:
[array([ 0., 47.,  0.,  0.])]:[array([13965., 13965., 46514., 23353.])]:[array([1461., 1461., 1023., 4575.])]:[array([1673., 1673.,  668., 2016.])]:[array([ 559.,  559.,  122., 1577.])]:[array([4380., 4380., 4191.,  646.])]:[array([1832., 1832.,  904., 1761.])]:[array([ 860.,  860.,  842., 1846.])]:[array([7908., 7908., 2593., 5790.])]:
[array([ 47.,   0.,   0., 121.])]:[array([13965., 46514., 23353., 23353.])]:[array([1461., 1023., 4575., 4575.])]:[array([1673.,  668., 2016., 2016.])]:[array([ 559.,  122., 1577., 1577.])]:[array([4380., 4191.,  646.,  646.])]:[array([1832.,  904., 1761., 1761.])]:[array([ 860.,  842., 1846., 1846.])]:[array([7908., 2593., 5790., 5790.])]:
[array([  0.,   0., 121.,  61.])]:[array([46514., 23353., 23353., 23353.])]:[array([1023., 4575., 4575., 4575.])]:[array([ 668., 2016., 2016., 2016.])]:[array([ 122., 1577., 1577., 1577.])]:[array([4191.,  646.,  646.,  646.])]:[array([ 904., 1761., 1761., 1761.])]:[array([ 842., 1846., 1846., 1846.])]:[array([2593., 5790., 5790., 5790.])]:
[array([  0., 121.,  61.,  99.])]:[array([23353., 23353., 23353., 23353.])]:[array([4575., 4575., 4575., 4575.])]:[array([2016., 2016., 2016., 2016.])]:[array([1577., 1577., 1577., 1577.])]:[array([646., 646., 646., 646.])]:[array([1761., 1761., 1761., 1761.])]:[array([1846., 1846., 1846., 1846.])]:[array([5790., 5790., 5790., 5790.])]:
[array([121.,  61.,  99.,   0.])]:[array([  23353.,   23353.,   23353., 1550458.])]:[array([ 4575.,  4575.,  4575., 42024.])]:[array([2016., 2016., 2016., 9550.])]:[array([1577., 1577., 1577., 2928.])]:[array([  646.,   646.,   646., 37301.])]:[array([ 1761.,  1761.,  1761., 19884.])]:[array([ 1846.,  1846.,  1846., 10859.])]:[array([  5790.,   5790.,   5790., 435970.])]:
[array([61., 99.,  0., 70.])]:[array([  23353.,   23353., 1550458., 1550458.])]:[array([ 4575.,  4575., 42024., 42024.])]:[array([2016., 2016., 9550., 9550.])]:[array([1577., 1577., 2928., 2928.])]:[array([  646.,   646., 37301., 37301.])]:[array([ 1761.,  1761., 19884., 19884.])]:[array([ 1846.,  1846., 10859., 10859.])]:[array([  5790.,   5790., 435970., 435970.])]:
[array([99.,  0., 70.,  0.])]:[array([  23353., 1550458., 1550458.,   94392.])]:[array([ 4575., 42024., 42024.,  7125.])]:[array([2016., 9550., 9550., 5511.])]:[array([1577., 2928., 2928.,  656.])]:[array([  646., 37301., 37301.,  2471.])]:[array([ 1761., 19884., 19884., 12296.])]:[array([ 1846., 10859., 10859.,   575.])]:[array([  5790., 435970., 435970.,  10310.])]:
[array([  0.,  70.,   0., 210.])]:[array([1550458., 1550458.,   94392.,   94392.])]:[array([42024., 42024.,  7125.,  7125.])]:[array([9550., 9550., 5511., 5511.])]:[array([2928., 2928.,  656.,  656.])]:[array([37301., 37301.,  2471.,  2471.])]:[array([19884., 19884., 12296., 12296.])]:[array([10859., 10859.,   575.,   575.])]:[array([435970., 435970.,  10310.,  10310.])]:
[array([ 70.,   0., 210.,  76.])]:[array([1550458.,   94392.,   94392.,   94392.])]:[array([42024.,  7125.,  7125.,  7125.])]:[array([9550., 5511., 5511., 5511.])]:[array([2928.,  656.,  656.,  656.])]:[array([37301.,  2471.,  2471.,  2471.])]:[array([19884., 12296., 12296., 12296.])]:[array([10859.,   575.,   575.,   575.])]:[array([435970.,  10310.,  10310.,  10310.])]:
[array([  0., 210.,  76.,   0.])]:[array([94392., 94392., 94392., 55997.])]:[array([7125., 7125., 7125., 4250.])]:[array([ 5511.,  5511.,  5511., 10343.])]:[array([ 656.,  656.,  656., 2144.])]:[array([2471., 2471., 2471., 4946.])]:[array([12296., 12296., 12296., 10843.])]:[array([ 575.,  575.,  575., 8427.])]:[array([10310., 10310., 10310., 59382.])]:
[array([210.,  76.,   0.,  64.])]:[array([94392., 94392., 55997., 55997.])]:[array([7125., 7125., 4250., 4250.])]:[array([ 5511.,  5511., 10343., 10343.])]:[array([ 656.,  656., 2144., 2144.])]:[array([2471., 2471., 4946., 4946.])]:[array([12296., 12296., 10843., 10843.])]:[array([ 575.,  575., 8427., 8427.])]:[array([10310., 10310., 59382., 59382.])]:
[array([ 76.,   0.,  64., 161.])]:[array([94392., 55997., 55997., 55997.])]:[array([7125., 4250., 4250., 4250.])]:[array([ 5511., 10343., 10343., 10343.])]:[array([ 656., 2144., 2144., 2144.])]:[array([2471., 4946., 4946., 4946.])]:[array([12296., 10843., 10843., 10843.])]:[array([ 575., 8427., 8427., 8427.])]:[array([10310., 59382., 59382., 59382.])]:
[array([  0.,  64., 161.,  53.])]:[array([55997., 55997., 55997., 55997.])]:[array([4250., 4250., 4250., 4250.])]:[array([10343., 10343., 10343., 10343.])]:[array([2144., 2144., 2144., 2144.])]:[array([4946., 4946., 4946., 4946.])]:[array([10843., 10843., 10843., 10843.])]:[array([8427., 8427., 8427., 8427.])]:[array([59382., 59382., 59382., 59382.])]:
[array([ 64., 161.,  53.,  78.])]:[array([55997., 55997., 55997., 55997.])]:[array([4250., 4250., 4250., 4250.])]:[array([10343., 10343., 10343., 10343.])]:[array([2144., 2144., 2144., 2144.])]:[array([4946., 4946., 4946., 4946.])]:[array([10843., 10843., 10843., 10843.])]:[array([8427., 8427., 8427., 8427.])]:[array([59382., 59382., 59382., 59382.])]:
[array([161.,  53.,  78.,  75.])]:[array([55997., 55997., 55997., 55997.])]:[array([4250., 4250., 4250., 4250.])]:[array([10343., 10343., 10343., 10343.])]:[array([2144., 2144., 2144., 2144.])]:[array([4946., 4946., 4946., 4946.])]:[array([10843., 10843., 10843., 10843.])]:[array([8427., 8427., 8427., 8427.])]:[array([59382., 59382., 59382., 59382.])]:
[array([53., 78., 75.,  0.])]:[array([ 55997.,  55997.,  55997., 248302.])]:[array([4250., 4250., 4250., 4815.])]:[array([10343., 10343., 10343.,  2517.])]:[array([2144., 2144., 2144.,  397.])]:[array([4946., 4946., 4946., 4957.])]:[array([10843., 10843., 10843.,  4579.])]:[array([8427., 8427., 8427.,  353.])]:[array([59382., 59382., 59382., 52233.])]:
[array([78., 75.,  0., 50.])]:[array([ 55997.,  55997., 248302., 248302.])]:[array([4250., 4250., 4815., 4815.])]:[array([10343., 10343.,  2517.,  2517.])]:[array([2144., 2144.,  397.,  397.])]:[array([4946., 4946., 4957., 4957.])]:[array([10843., 10843.,  4579.,  4579.])]:[array([8427., 8427.,  353.,  353.])]:[array([59382., 59382., 52233., 52233.])]:
[array([75.,  0., 50.,  0.])]:[array([ 55997., 248302., 248302., 104387.])]:[array([4250., 4815., 4815., 1749.])]:[array([10343.,  2517.,  2517.,  1771.])]:[array([2144.,  397.,  397.,  452.])]:[array([4946., 4957., 4957.,  470.])]:[array([10843.,  4579.,  4579.,  1533.])]:[array([8427.,  353.,  353.,  573.])]:[array([59382., 52233., 52233., 11991.])]:
[array([ 0., 50.,  0.,  0.])]:[array([248302., 248302., 104387.,  27364.])]:[array([ 4815.,  4815.,  1749., 20183.])]:[array([2517., 2517., 1771., 7601.])]:[array([ 397.,  397.,  452., 3748.])]:[array([ 4957.,  4957.,   470., 24529.])]:[array([ 4579.,  4579.,  1533., 15132.])]:[array([ 353.,  353.,  573., 4835.])]:[array([52233., 52233., 11991., 16447.])]:
[array([ 50.,   0.,   0., 200.])]:[array([248302., 104387.,  27364.,  27364.])]:[array([ 4815.,  1749., 20183., 20183.])]:[array([2517., 1771., 7601., 7601.])]:[array([ 397.,  452., 3748., 3748.])]:[array([ 4957.,   470., 24529., 24529.])]:[array([ 4579.,  1533., 15132., 15132.])]:[array([ 353.,  573., 4835., 4835.])]:[array([52233., 11991., 16447., 16447.])]:
[array([  0.,   0., 200.,   0.])]:[array([ 104387.,   27364.,   27364., 1090063.])]:[array([ 1749., 20183., 20183., 50426.])]:[array([ 1771.,  7601.,  7601., 27565.])]:[array([  452.,  3748.,  3748., 24103.])]:[array([  470., 24529., 24529., 12496.])]:[array([ 1533., 15132., 15132., 13239.])]:[array([  573.,  4835.,  4835., 32837.])]:[array([  11991.,   16447.,   16447., 1226470.])]:
[array([  0., 200.,   0.,   0.])]:[array([  27364.,   27364., 1090063.,  757669.])]:[array([20183., 20183., 50426., 13438.])]:[array([ 7601.,  7601., 27565.,  2275.])]:[array([ 3748.,  3748., 24103.,   516.])]:[array([24529., 24529., 12496., 10252.])]:[array([15132., 15132., 13239.,  4896.])]:[array([ 4835.,  4835., 32837.,   687.])]:[array([  16447.,   16447., 1226470.,   23626.])]:
[array([200.,   0.,   0.,   0.])]:[array([  27364., 1090063.,  757669.,   82638.])]:[array([20183., 50426., 13438., 38866.])]:[array([ 7601., 27565.,  2275., 13374.])]:[array([ 3748., 24103.,   516.,  3061.])]:[array([24529., 12496., 10252.,  2409.])]:[array([15132., 13239.,  4896., 17068.])]:[array([ 4835., 32837.,   687.,  8448.])]:[array([  16447., 1226470.,   23626.,   20173.])]:
[array([ 0.,  0.,  0., 62.])]:[array([1090063.,  757669.,   82638.,   82638.])]:[array([50426., 13438., 38866., 38866.])]:[array([27565.,  2275., 13374., 13374.])]:[array([24103.,   516.,  3061.,  3061.])]:[array([12496., 10252.,  2409.,  2409.])]:[array([13239.,  4896., 17068., 17068.])]:[array([32837.,   687.,  8448.,  8448.])]:[array([1226470.,   23626.,   20173.,   20173.])]:
[array([ 0.,  0., 62.,  0.])]:[array([757669.,  82638.,  82638., 288097.])]:[array([13438., 38866., 38866., 56167.])]:[array([ 2275., 13374., 13374., 27433.])]:[array([ 516., 3061., 3061., 3059.])]:[array([10252.,  2409.,  2409., 22257.])]:[array([ 4896., 17068., 17068., 21087.])]:[array([  687.,  8448.,  8448., 48399.])]:[array([ 23626.,  20173.,  20173., 339160.])]:
[array([ 0., 62.,  0.,  0.])]:[array([ 82638.,  82638., 288097., 174278.])]:[array([38866., 38866., 56167., 99659.])]:[array([13374., 13374., 27433., 25180.])]:[array([ 3061.,  3061.,  3059., 24564.])]:[array([ 2409.,  2409., 22257., 59049.])]:[array([17068., 17068., 21087., 59970.])]:[array([ 8448.,  8448., 48399., 18878.])]:[array([ 20173.,  20173., 339160., 179524.])]:
[array([62.,  0.,  0., 42.])]:[array([ 82638., 288097., 174278., 174278.])]:[array([38866., 56167., 99659., 99659.])]:[array([13374., 27433., 25180., 25180.])]:[array([ 3061.,  3059., 24564., 24564.])]:[array([ 2409., 22257., 59049., 59049.])]:[array([17068., 21087., 59970., 59970.])]:[array([ 8448., 48399., 18878., 18878.])]:[array([ 20173., 339160., 179524., 179524.])]:
[array([ 0.,  0., 42.,  0.])]:[array([288097., 174278., 174278., 395696.])]:[array([56167., 99659., 99659., 24886.])]:[array([27433., 25180., 25180., 91850.])]:[array([ 3059., 24564., 24564., 20616.])]:[array([ 22257.,  59049.,  59049., 103044.])]:[array([ 21087.,  59970.,  59970., 157864.])]:[array([48399., 18878., 18878., 28076.])]:[array([339160., 179524., 179524.,  71995.])]:
[array([ 0., 42.,  0., 68.])]:[array([174278., 174278., 395696., 395696.])]:[array([99659., 99659., 24886., 24886.])]:[array([25180., 25180., 91850., 91850.])]:[array([24564., 24564., 20616., 20616.])]:[array([ 59049.,  59049., 103044., 103044.])]:[array([ 59970.,  59970., 157864., 157864.])]:[array([18878., 18878., 28076., 28076.])]:[array([179524., 179524.,  71995.,  71995.])]:
[array([42.,  0., 68.,  0.])]:[array([174278., 395696., 395696., 189130.])]:[array([99659., 24886., 24886.,  1170.])]:[array([25180., 91850., 91850.,   607.])]:[array([24564., 20616., 20616.,   171.])]:[array([ 59049., 103044., 103044.,   4488.])]:[array([ 59970., 157864., 157864.,   2318.])]:[array([18878., 28076., 28076.,   354.])]:[array([179524.,  71995.,  71995.,  13101.])]:
[array([ 0., 68.,  0.,  0.])]:[array([395696., 395696., 189130.,  10515.])]:[array([24886., 24886.,  1170.,  5463.])]:[array([91850., 91850.,   607.,  6577.])]:[array([20616., 20616.,   171.,  2779.])]:[array([103044., 103044.,   4488.,  34694.])]:[array([157864., 157864.,   2318.,  19852.])]:[array([28076., 28076.,   354.,  2565.])]:[array([71995., 71995., 13101., 16603.])]:
[array([68.,  0.,  0.,  0.])]:[array([395696., 189130.,  10515., 166295.])]:[array([24886.,  1170.,  5463., 95209.])]:[array([91850.,   607.,  6577., 25702.])]:[array([20616.,   171.,  2779.,  8668.])]:[array([103044.,   4488.,  34694.,  53296.])]:[array([157864.,   2318.,  19852.,  92589.])]:[array([28076.,   354.,  2565., 46825.])]:[array([ 71995.,  13101.,  16603., 112876.])]:
[array([0., 0., 0., 0.])]:[array([ 189130.,   10515.,  166295., 1419889.])]:[array([ 1170.,  5463., 95209., 51355.])]:[array([  607.,  6577., 25702., 23963.])]:[array([ 171., 2779., 8668., 5836.])]:[array([ 4488., 34694., 53296., 50319.])]:[array([ 2318., 19852., 92589., 28506.])]:[array([  354.,  2565., 46825., 18686.])]:[array([  13101.,   16603.,  112876., 1254753.])]:
[array([ 0.,  0.,  0., 63.])]:[array([  10515.,  166295., 1419889., 1419889.])]:[array([ 5463., 95209., 51355., 51355.])]:[array([ 6577., 25702., 23963., 23963.])]:[array([2779., 8668., 5836., 5836.])]:[array([34694., 53296., 50319., 50319.])]:[array([19852., 92589., 28506., 28506.])]:[array([ 2565., 46825., 18686., 18686.])]:[array([  16603.,  112876., 1254753., 1254753.])]:
[array([ 0.,  0., 63.,  0.])]:[array([ 166295., 1419889., 1419889.,  470992.])]:[array([ 95209.,  51355.,  51355., 125386.])]:[array([25702., 23963., 23963., 42989.])]:[array([ 8668.,  5836.,  5836., 24645.])]:[array([ 53296.,  50319.,  50319., 123445.])]:[array([92589., 28506., 28506., 82091.])]:[array([46825., 18686., 18686., 35179.])]:[array([ 112876., 1254753., 1254753., 1042299.])]:
[array([ 0., 63.,  0., 90.])]:[array([1419889., 1419889.,  470992.,  470992.])]:[array([ 51355.,  51355., 125386., 125386.])]:[array([23963., 23963., 42989., 42989.])]:[array([ 5836.,  5836., 24645., 24645.])]:[array([ 50319.,  50319., 123445., 123445.])]:[array([28506., 28506., 82091., 82091.])]:[array([18686., 18686., 35179., 35179.])]:[array([1254753., 1254753., 1042299., 1042299.])]:
[array([63.,  0., 90.,  0.])]:[array([1419889.,  470992.,  470992.,  448109.])]:[array([ 51355., 125386., 125386.,  83695.])]:[array([23963., 42989., 42989., 17771.])]:[array([ 5836., 24645., 24645.,  2432.])]:[array([ 50319., 123445., 123445., 133034.])]:[array([28506., 82091., 82091., 42454.])]:[array([18686., 35179., 35179.,  5431.])]:[array([1254753., 1042299., 1042299.,  535033.])]:
[array([ 0., 90.,  0., 83.])]:[array([470992., 470992., 448109., 448109.])]:[array([125386., 125386.,  83695.,  83695.])]:[array([42989., 42989., 17771., 17771.])]:[array([24645., 24645.,  2432.,  2432.])]:[array([123445., 123445., 133034., 133034.])]:[array([82091., 82091., 42454., 42454.])]:[array([35179., 35179.,  5431.,  5431.])]:[array([1042299., 1042299.,  535033.,  535033.])]:
[array([90.,  0., 83., 95.])]:[array([470992., 448109., 448109., 448109.])]:[array([125386.,  83695.,  83695.,  83695.])]:[array([42989., 17771., 17771., 17771.])]:[array([24645.,  2432.,  2432.,  2432.])]:[array([123445., 133034., 133034., 133034.])]:[array([82091., 42454., 42454., 42454.])]:[array([35179.,  5431.,  5431.,  5431.])]:[array([1042299.,  535033.,  535033.,  535033.])]:
[array([ 0., 83., 95.,  0.])]:[array([448109., 448109., 448109., 487607.])]:[array([83695., 83695., 83695., 95761.])]:[array([17771., 17771., 17771., 92469.])]:[array([ 2432.,  2432.,  2432., 26837.])]:[array([133034., 133034., 133034., 131267.])]:[array([42454., 42454., 42454., 63392.])]:[array([ 5431.,  5431.,  5431., 49431.])]:[array([ 535033.,  535033.,  535033., 1030394.])]:
[array([83., 95.,  0.,  0.])]:[array([448109., 448109., 487607.,  35505.])]:[array([83695., 83695., 95761.,  5388.])]:[array([17771., 17771., 92469., 16393.])]:[array([ 2432.,  2432., 26837.,  1607.])]:[array([133034., 133034., 131267.,  74764.])]:[array([42454., 42454., 63392., 13213.])]:[array([ 5431.,  5431., 49431.,  2277.])]:[array([ 535033.,  535033., 1030394.,   31766.])]:
[array([95.,  0.,  0., 58.])]:[array([448109., 487607.,  35505.,  35505.])]:[array([83695., 95761.,  5388.,  5388.])]:[array([17771., 92469., 16393., 16393.])]:[array([ 2432., 26837.,  1607.,  1607.])]:[array([133034., 131267.,  74764.,  74764.])]:[array([42454., 63392., 13213., 13213.])]:[array([ 5431., 49431.,  2277.,  2277.])]:[array([ 535033., 1030394.,   31766.,   31766.])]:
[array([ 0.,  0., 58.,  0.])]:[array([487607.,  35505.,  35505.,  16972.])]:[array([95761.,  5388.,  5388.,  2107.])]:[array([92469., 16393., 16393.,  2119.])]:[array([26837.,  1607.,  1607.,  1010.])]:[array([131267.,  74764.,  74764.,   9745.])]:[array([63392., 13213., 13213.,  8895.])]:[array([49431.,  2277.,  2277.,  1253.])]:[array([1030394.,   31766.,   31766.,   34589.])]:
[array([ 0., 58.,  0.,  0.])]:[array([35505., 35505., 16972., 23807.])]:[array([5388., 5388., 2107., 3399.])]:[array([16393., 16393.,  2119.,  4343.])]:[array([1607., 1607., 1010., 1553.])]:[array([74764., 74764.,  9745.,  9894.])]:[array([13213., 13213.,  8895., 14308.])]:[array([2277., 2277., 1253., 2207.])]:[array([31766., 31766., 34589., 27065.])]:
[array([58.,  0.,  0., 62.])]:[array([35505., 16972., 23807., 23807.])]:[array([5388., 2107., 3399., 3399.])]:[array([16393.,  2119.,  4343.,  4343.])]:[array([1607., 1010., 1553., 1553.])]:[array([74764.,  9745.,  9894.,  9894.])]:[array([13213.,  8895., 14308., 14308.])]:[array([2277., 1253., 2207., 2207.])]:[array([31766., 34589., 27065., 27065.])]:
[array([ 0.,  0., 62.,  0.])]:[array([ 16972.,  23807.,  23807., 142606.])]:[array([2107., 3399., 3399., 4069.])]:[array([2119., 4343., 4343., 3052.])]:[array([1010., 1553., 1553.,  353.])]:[array([9745., 9894., 9894., 7435.])]:[array([ 8895., 14308., 14308.,  2009.])]:[array([1253., 2207., 2207.,  669.])]:[array([34589., 27065., 27065., 14189.])]:
[array([ 0., 62.,  0.,  0.])]:[array([ 23807.,  23807., 142606.,  32196.])]:[array([3399., 3399., 4069., 3890.])]:[array([4343., 4343., 3052., 2315.])]:[array([1553., 1553.,  353.,  328.])]:[array([9894., 9894., 7435., 8654.])]:[array([14308., 14308.,  2009.,  5713.])]:[array([2207., 2207.,  669., 1434.])]:[array([27065., 27065., 14189., 10905.])]:
[array([62.,  0.,  0., 70.])]:[array([ 23807., 142606.,  32196.,  32196.])]:[array([3399., 4069., 3890., 3890.])]:[array([4343., 3052., 2315., 2315.])]:[array([1553.,  353.,  328.,  328.])]:[array([9894., 7435., 8654., 8654.])]:[array([14308.,  2009.,  5713.,  5713.])]:[array([2207.,  669., 1434., 1434.])]:[array([27065., 14189., 10905., 10905.])]:
[array([ 0.,  0., 70.,  0.])]:[array([142606.,  32196.,  32196., 145073.])]:[array([ 4069.,  3890.,  3890., 10092.])]:[array([3052., 2315., 2315., 2953.])]:[array([ 353.,  328.,  328., 2691.])]:[array([7435., 8654., 8654., 8140.])]:[array([2009., 5713., 5713., 8369.])]:[array([ 669., 1434., 1434., 4706.])]:[array([ 14189.,  10905.,  10905., 315165.])]:
[array([ 0., 70.,  0.,  0.])]:[array([ 32196.,  32196., 145073.,  30775.])]:[array([ 3890.,  3890., 10092.,  4929.])]:[array([2315., 2315., 2953., 9669.])]:[array([ 328.,  328., 2691., 1960.])]:[array([8654., 8654., 8140., 8235.])]:[array([ 5713.,  5713.,  8369., 19012.])]:[array([1434., 1434., 4706., 5035.])]:[array([ 10905.,  10905., 315165.,  18380.])]:
[array([70.,  0.,  0.,  0.])]:[array([ 32196., 145073.,  30775., 502964.])]:[array([ 3890., 10092.,  4929.,  6116.])]:[array([2315., 2953., 9669., 6397.])]:[array([ 328., 2691., 1960., 2940.])]:[array([8654., 8140., 8235.,  272.])]:[array([ 5713.,  8369., 19012.,  3759.])]:[array([1434., 4706., 5035., 5262.])]:[array([ 10905., 315165.,  18380.,  49794.])]:
[array([ 0.,  0.,  0., 61.])]:[array([145073.,  30775., 502964., 502964.])]:[array([10092.,  4929.,  6116.,  6116.])]:[array([2953., 9669., 6397., 6397.])]:[array([2691., 1960., 2940., 2940.])]:[array([8140., 8235.,  272.,  272.])]:[array([ 8369., 19012.,  3759.,  3759.])]:[array([4706., 5035., 5262., 5262.])]:[array([315165.,  18380.,  49794.,  49794.])]:
[array([ 0.,  0., 61.,  0.])]:[array([ 30775., 502964., 502964., 852240.])]:[array([ 4929.,  6116.,  6116., 34063.])]:[array([ 9669.,  6397.,  6397., 13370.])]:[array([1960., 2940., 2940., 3500.])]:[array([ 8235.,   272.,   272., 80541.])]:[array([19012.,  3759.,  3759., 16930.])]:[array([5035., 5262., 5262., 2559.])]:[array([ 18380.,  49794.,  49794., 539151.])]:
[array([  0.,  61.,   0., 140.])]:[array([502964., 502964., 852240., 852240.])]:[array([ 6116.,  6116., 34063., 34063.])]:[array([ 6397.,  6397., 13370., 13370.])]:[array([2940., 2940., 3500., 3500.])]:[array([  272.,   272., 80541., 80541.])]:[array([ 3759.,  3759., 16930., 16930.])]:[array([5262., 5262., 2559., 2559.])]:[array([ 49794.,  49794., 539151., 539151.])]:
[array([ 61.,   0., 140.,   0.])]:[array([ 502964.,  852240.,  852240., 1799037.])]:[array([  6116.,  34063.,  34063., 139633.])]:[array([  6397.,  13370.,  13370., 141129.])]:[array([ 2940.,  3500.,  3500., 64020.])]:[array([   272.,  80541.,  80541., 242876.])]:[array([  3759.,  16930.,  16930., 155582.])]:[array([  5262.,   2559.,   2559., 167350.])]:[array([ 49794., 539151., 539151., 204926.])]:
[array([  0., 140.,   0.,  85.])]:[array([ 852240.,  852240., 1799037., 1799037.])]:[array([ 34063.,  34063., 139633., 139633.])]:[array([ 13370.,  13370., 141129., 141129.])]:[array([ 3500.,  3500., 64020., 64020.])]:[array([ 80541.,  80541., 242876., 242876.])]:[array([ 16930.,  16930., 155582., 155582.])]:[array([  2559.,   2559., 167350., 167350.])]:[array([539151., 539151., 204926., 204926.])]:
[array([140.,   0.,  85.,   0.])]:[array([ 852240., 1799037., 1799037.,  786395.])]:[array([ 34063., 139633., 139633.,  16711.])]:[array([ 13370., 141129., 141129.,  13945.])]:[array([ 3500., 64020., 64020.,  2263.])]:[array([ 80541., 242876., 242876.,  17089.])]:[array([ 16930., 155582., 155582.,  20269.])]:[array([  2559., 167350., 167350.,   4470.])]:[array([539151., 204926., 204926.,  73771.])]:
[array([ 0., 85.,  0., 84.])]:[array([1799037., 1799037.,  786395.,  786395.])]:[array([139633., 139633.,  16711.,  16711.])]:[array([141129., 141129.,  13945.,  13945.])]:[array([64020., 64020.,  2263.,  2263.])]:[array([242876., 242876.,  17089.,  17089.])]:[array([155582., 155582.,  20269.,  20269.])]:[array([167350., 167350.,   4470.,   4470.])]:[array([204926., 204926.,  73771.,  73771.])]:
[array([85.,  0., 84.,  0.])]:[array([1799037.,  786395.,  786395.,  628705.])]:[array([139633.,  16711.,  16711.,   2205.])]:[array([141129.,  13945.,  13945.,   3153.])]:[array([64020.,  2263.,  2263.,   302.])]:[array([242876.,  17089.,  17089.,   5305.])]:[array([155582.,  20269.,  20269.,    814.])]:[array([167350.,   4470.,   4470.,    426.])]:[array([204926.,  73771.,  73771.,  11924.])]:
[array([  0.,  84.,   0., 151.])]:[array([786395., 786395., 628705., 628705.])]:[array([16711., 16711.,  2205.,  2205.])]:[array([13945., 13945.,  3153.,  3153.])]:[array([2263., 2263.,  302.,  302.])]:[array([17089., 17089.,  5305.,  5305.])]:[array([20269., 20269.,   814.,   814.])]:[array([4470., 4470.,  426.,  426.])]:[array([73771., 73771., 11924., 11924.])]:
[array([ 84.,   0., 151.,   0.])]:[array([ 786395.,  628705.,  628705., 1851928.])]:[array([16711.,  2205.,  2205., 69636.])]:[array([13945.,  3153.,  3153., 61205.])]:[array([2263.,  302.,  302., 5402.])]:[array([17089.,  5305.,  5305., 75368.])]:[array([20269.,   814.,   814., 83216.])]:[array([4470.,  426.,  426., 7323.])]:[array([ 73771.,  11924.,  11924., 279010.])]:
[array([  0., 151.,   0.,   0.])]:[array([ 628705.,  628705., 1851928.,  136831.])]:[array([ 2205.,  2205., 69636.,  1498.])]:[array([ 3153.,  3153., 61205.,  1575.])]:[array([ 302.,  302., 5402.,   53.])]:[array([ 5305.,  5305., 75368.,   690.])]:[array([  814.,   814., 83216.,  3849.])]:[array([ 426.,  426., 7323.,  212.])]:[array([ 11924.,  11924., 279010.,   9546.])]:
[array([151.,   0.,   0.,   0.])]:[array([ 628705., 1851928.,  136831.,  590858.])]:[array([ 2205., 69636.,  1498.,  5190.])]:[array([ 3153., 61205.,  1575.,  1435.])]:[array([ 302., 5402.,   53.,  703.])]:[array([ 5305., 75368.,   690.,  7289.])]:[array([  814., 83216.,  3849.,  4097.])]:[array([ 426., 7323.,  212.,  816.])]:[array([ 11924., 279010.,   9546.,  12740.])]:
[array([ 0.,  0.,  0., 56.])]:[array([1851928.,  136831.,  590858.,  590858.])]:[array([69636.,  1498.,  5190.,  5190.])]:[array([61205.,  1575.,  1435.,  1435.])]:[array([5402.,   53.,  703.,  703.])]:[array([75368.,   690.,  7289.,  7289.])]:[array([83216.,  3849.,  4097.,  4097.])]:[array([7323.,  212.,  816.,  816.])]:[array([279010.,   9546.,  12740.,  12740.])]:
[array([ 0.,  0., 56.,  0.])]:[array([136831., 590858., 590858., 200330.])]:[array([1498., 5190., 5190., 4181.])]:[array([1575., 1435., 1435., 2491.])]:[array([ 53., 703., 703., 299.])]:[array([ 690., 7289., 7289., 7822.])]:[array([3849., 4097., 4097., 2021.])]:[array([212., 816., 816., 568.])]:[array([ 9546., 12740., 12740., 55224.])]:
[array([ 0., 56.,  0.,  0.])]:[array([590858., 590858., 200330.,  29832.])]:[array([5190., 5190., 4181., 8370.])]:[array([ 1435.,  1435.,  2491., 10394.])]:[array([ 703.,  703.,  299., 1061.])]:[array([7289., 7289., 7822., 4502.])]:[array([ 4097.,  4097.,  2021., 18166.])]:[array([ 816.,  816.,  568., 4509.])]:[array([12740., 12740., 55224., 26491.])]:
[array([56.,  0.,  0., 60.])]:[array([590858., 200330.,  29832.,  29832.])]:[array([5190., 4181., 8370., 8370.])]:[array([ 1435.,  2491., 10394., 10394.])]:[array([ 703.,  299., 1061., 1061.])]:[array([7289., 7822., 4502., 4502.])]:[array([ 4097.,  2021., 18166., 18166.])]:[array([ 816.,  568., 4509., 4509.])]:[array([12740., 55224., 26491., 26491.])]:
[array([ 0.,  0., 60.,  0.])]:[array([200330.,  29832.,  29832., 341527.])]:[array([4181., 8370., 8370.,  847.])]:[array([ 2491., 10394., 10394.,   487.])]:[array([ 299., 1061., 1061.,  208.])]:[array([7822., 4502., 4502., 2268.])]:[array([ 2021., 18166., 18166.,  1811.])]:[array([ 568., 4509., 4509.,  434.])]:[array([55224., 26491., 26491., 21349.])]:
[array([ 0., 60.,  0., 59.])]:[array([ 29832.,  29832., 341527., 341527.])]:[array([8370., 8370.,  847.,  847.])]:[array([10394., 10394.,   487.,   487.])]:[array([1061., 1061.,  208.,  208.])]:[array([4502., 4502., 2268., 2268.])]:[array([18166., 18166.,  1811.,  1811.])]:[array([4509., 4509.,  434.,  434.])]:[array([26491., 26491., 21349., 21349.])]:
[array([60.,  0., 59.,  0.])]:[array([ 29832., 341527., 341527.,  62577.])]:[array([ 8370.,   847.,   847., 12405.])]:[array([10394.,   487.,   487., 11435.])]:[array([ 1061.,   208.,   208., 12181.])]:[array([ 4502.,  2268.,  2268., 12321.])]:[array([18166.,  1811.,  1811.,  6395.])]:[array([4509.,  434.,  434., 3516.])]:[array([26491., 21349., 21349., 25068.])]:
[array([ 0., 59.,  0., 73.])]:[array([341527., 341527.,  62577.,  62577.])]:[array([  847.,   847., 12405., 12405.])]:[array([  487.,   487., 11435., 11435.])]:[array([  208.,   208., 12181., 12181.])]:[array([ 2268.,  2268., 12321., 12321.])]:[array([1811., 1811., 6395., 6395.])]:[array([ 434.,  434., 3516., 3516.])]:[array([21349., 21349., 25068., 25068.])]:
[array([59.,  0., 73.,  0.])]:[array([341527.,  62577.,  62577.,  71767.])]:[array([  847., 12405., 12405.,  6849.])]:[array([  487., 11435., 11435.,  3508.])]:[array([  208., 12181., 12181.,   723.])]:[array([ 2268., 12321., 12321., 21520.])]:[array([1811., 6395., 6395., 4221.])]:[array([ 434., 3516., 3516., 1263.])]:[array([21349., 25068., 25068., 39715.])]:
[array([ 0., 73.,  0.,  0.])]:[array([62577., 62577., 71767., 31459.])]:[array([12405., 12405.,  6849., 22269.])]:[array([11435., 11435.,  3508.,  9585.])]:[array([12181., 12181.,   723.,  2091.])]:[array([12321., 12321., 21520., 24489.])]:[array([ 6395.,  6395.,  4221., 11911.])]:[array([3516., 3516., 1263., 2436.])]:[array([25068., 25068., 39715., 26960.])]:
