[array([  0.,   0.,   0., 184.])]:[array([6.30000e+01, 2.70829e+05, 2.16720e+04, 2.16720e+04])]:[array([    0., 20644., 10065., 10065.])]:[array([1.000e+00, 9.308e+03, 4.327e+03, 4.327e+03])]:[array([   0., 2112., 2950., 2950.])]:[array([    0., 15221.,  7463.,  7463.])]:[array([   0., 7378., 2790., 2790.])]:[array([   0., 3040., 2206., 2206.])]:[array([1.00000e+00, 1.39095e+05, 2.75360e+04, 2.75360e+04])]:
[array([  0.,   0., 184.,   0.])]:[array([ 270829.,   21672.,   21672., 1715254.])]:[array([20644., 10065., 10065.,  5698.])]:[array([9308., 4327., 4327., 5715.])]:[array([2112., 2950., 2950.,  867.])]:[array([15221.,  7463.,  7463.,  3226.])]:[array([7378., 2790., 2790., 7306.])]:[array([3040., 2206., 2206., 1204.])]:[array([139095.,  27536.,  27536.,  21257.])]:
[array([  0., 184.,   0.,   0.])]:[array([  21672.,   21672., 1715254.,    6420.])]:[array([10065., 10065.,  5698.,  9246.])]:[array([4327., 4327., 5715., 7878.])]:[array([2950., 2950.,  867., 1685.])]:[array([ 7463.,  7463.,  3226., 20748.])]:[array([2790., 2790., 7306., 6044.])]:[array([2206., 2206., 1204., 4036.])]:[array([27536., 27536., 21257., 36316.])]:
[array([184.,   0.,   0.,  43.])]:[array([  21672., 1715254.,    6420.,    6420.])]:[array([10065.,  5698.,  9246.,  9246.])]:[array([4327., 5715., 7878., 7878.])]:[array([2950.,  867., 1685., 1685.])]:[array([ 7463.,  3226., 20748., 20748.])]:[array([2790., 7306., 6044., 6044.])]:[array([2206., 1204., 4036., 4036.])]:[array([27536., 21257., 36316., 36316.])]:
[array([ 0.,  0., 43.,  0.])]:[array([1715254.,    6420.,    6420.,  145836.])]:[array([5698., 9246., 9246., 5090.])]:[array([5715., 7878., 7878., 1605.])]:[array([ 867., 1685., 1685.,  193.])]:[array([ 3226., 20748., 20748.,  4822.])]:[array([7306., 6044., 6044., 5572.])]:[array([1204., 4036., 4036.,  652.])]:[array([21257., 36316., 36316., 62923.])]:
[array([  0.,  43.,   0., 161.])]:[array([  6420.,   6420., 145836., 145836.])]:[array([9246., 9246., 5090., 5090.])]:[array([7878., 7878., 1605., 1605.])]:[array([1685., 1685.,  193.,  193.])]:[array([20748., 20748.,  4822.,  4822.])]:[array([6044., 6044., 5572., 5572.])]:[array([4036., 4036.,  652.,  652.])]:[array([36316., 36316., 62923., 62923.])]:
[array([ 43.,   0., 161., 150.])]:[array([  6420., 145836., 145836., 145836.])]:[array([9246., 5090., 5090., 5090.])]:[array([7878., 1605., 1605., 1605.])]:[array([1685.,  193.,  193.,  193.])]:[array([20748.,  4822.,  4822.,  4822.])]:[array([6044., 5572., 5572., 5572.])]:[array([4036.,  652.,  652.,  652.])]:[array([36316., 62923., 62923., 62923.])]:
[array([  0., 161., 150.,  93.])]:[array([145836., 145836., 145836., 145836.])]:[array([5090., 5090., 5090., 5090.])]:[array([1605., 1605., 1605., 1605.])]:[array([193., 193., 193., 193.])]:[array([4822., 4822., 4822., 4822.])]:[array([5572., 5572., 5572., 5572.])]:[array([652., 652., 652., 652.])]:[array([62923., 62923., 62923., 62923.])]:
[array([161., 150.,  93.,   0.])]:[array([145836., 145836., 145836., 267193.])]:[array([5090., 5090., 5090., 7212.])]:[array([1605., 1605., 1605., 8368.])]:[array([193., 193., 193., 477.])]:[array([ 4822.,  4822.,  4822., 19665.])]:[array([ 5572.,  5572.,  5572., 12003.])]:[array([ 652.,  652.,  652., 1718.])]:[array([62923., 62923., 62923., 48713.])]:
[array([150.,  93.,   0.,   0.])]:[array([145836., 145836., 267193.,  11078.])]:[array([ 5090.,  5090.,  7212., 12936.])]:[array([ 1605.,  1605.,  8368., 10221.])]:[array([ 193.,  193.,  477., 2059.])]:[array([ 4822.,  4822., 19665.,  8248.])]:[array([ 5572.,  5572., 12003., 14710.])]:[array([ 652.,  652., 1718., 5664.])]:[array([62923., 62923., 48713., 43876.])]:
[array([93.,  0.,  0.,  0.])]:[array([145836., 267193.,  11078.,  16852.])]:[array([ 5090.,  7212., 12936., 43138.])]:[array([ 1605.,  8368., 10221.,  9445.])]:[array([ 193.,  477., 2059., 4778.])]:[array([ 4822., 19665.,  8248.,  1435.])]:[array([ 5572., 12003., 14710., 21771.])]:[array([ 652., 1718., 5664., 3403.])]:[array([62923., 48713., 43876., 42995.])]:
[array([ 0.,  0.,  0., 69.])]:[array([267193.,  11078.,  16852.,  16852.])]:[array([ 7212., 12936., 43138., 43138.])]:[array([ 8368., 10221.,  9445.,  9445.])]:[array([ 477., 2059., 4778., 4778.])]:[array([19665.,  8248.,  1435.,  1435.])]:[array([12003., 14710., 21771., 21771.])]:[array([1718., 5664., 3403., 3403.])]:[array([48713., 43876., 42995., 42995.])]:
[array([ 0.,  0., 69.,  0.])]:[array([11078., 16852., 16852., 42553.])]:[array([12936., 43138., 43138.,  2378.])]:[array([10221.,  9445.,  9445.,  2977.])]:[array([2059., 4778., 4778.,  395.])]:[array([8248., 1435., 1435., 6788.])]:[array([14710., 21771., 21771.,  2360.])]:[array([5664., 3403., 3403., 1074.])]:[array([43876., 42995., 42995., 43715.])]:
[array([ 0., 69.,  0.,  0.])]:[array([16852., 16852., 42553., 80561.])]:[array([43138., 43138.,  2378.,  4561.])]:[array([9445., 9445., 2977., 2567.])]:[array([4778., 4778.,  395.,  867.])]:[array([ 1435.,  1435.,  6788., 14356.])]:[array([21771., 21771.,  2360.,  5287.])]:[array([3403., 3403., 1074., 2092.])]:[array([42995., 42995., 43715., 48295.])]:
[array([69.,  0.,  0.,  0.])]:[array([ 16852.,  42553.,  80561., 525289.])]:[array([43138.,  2378.,  4561., 22968.])]:[array([9445., 2977., 2567., 2787.])]:[array([4778.,  395.,  867., 2257.])]:[array([ 1435.,  6788., 14356., 14134.])]:[array([21771.,  2360.,  5287.,  4066.])]:[array([3403., 1074., 2092., 1509.])]:[array([42995., 43715., 48295., 30332.])]:
[array([  0.,   0.,   0., 191.])]:[array([ 42553.,  80561., 525289., 525289.])]:[array([ 2378.,  4561., 22968., 22968.])]:[array([2977., 2567., 2787., 2787.])]:[array([ 395.,  867., 2257., 2257.])]:[array([ 6788., 14356., 14134., 14134.])]:[array([2360., 5287., 4066., 4066.])]:[array([1074., 2092., 1509., 1509.])]:[array([43715., 48295., 30332., 30332.])]:
[array([  0.,   0., 191., 164.])]:[array([ 80561., 525289., 525289., 525289.])]:[array([ 4561., 22968., 22968., 22968.])]:[array([2567., 2787., 2787., 2787.])]:[array([ 867., 2257., 2257., 2257.])]:[array([14356., 14134., 14134., 14134.])]:[array([5287., 4066., 4066., 4066.])]:[array([2092., 1509., 1509., 1509.])]:[array([48295., 30332., 30332., 30332.])]:
[array([  0., 191., 164.,   0.])]:[array([ 525289.,  525289.,  525289., 1247915.])]:[array([ 22968.,  22968.,  22968., 252865.])]:[array([ 2787.,  2787.,  2787., 45833.])]:[array([2257., 2257., 2257., 2887.])]:[array([ 14134.,  14134.,  14134., 106755.])]:[array([  4066.,   4066.,   4066., 158257.])]:[array([ 1509.,  1509.,  1509., 25485.])]:[array([ 30332.,  30332.,  30332., 446354.])]:
[array([191., 164.,   0.,   0.])]:[array([ 525289.,  525289., 1247915.,  182835.])]:[array([ 22968.,  22968., 252865.,   5940.])]:[array([ 2787.,  2787., 45833.,  1551.])]:[array([2257., 2257., 2887.,  351.])]:[array([ 14134.,  14134., 106755.,   4098.])]:[array([  4066.,   4066., 158257.,   1804.])]:[array([ 1509.,  1509., 25485.,  1473.])]:[array([ 30332.,  30332., 446354.,  35599.])]:
[array([164.,   0.,   0.,   0.])]:[array([ 525289., 1247915.,  182835.,  168558.])]:[array([ 22968., 252865.,   5940.,  22903.])]:[array([ 2787., 45833.,  1551.,  9903.])]:[array([2257., 2887.,  351., 2305.])]:[array([ 14134., 106755.,   4098.,  11204.])]:[array([  4066., 158257.,   1804.,  12554.])]:[array([ 1509., 25485.,  1473.,  3412.])]:[array([ 30332., 446354.,  35599.,  40404.])]:
[array([0., 0., 0., 0.])]:[array([1247915.,  182835.,  168558.,  289021.])]:[array([252865.,   5940.,  22903.,   5673.])]:[array([45833.,  1551.,  9903.,  3438.])]:[array([2887.,  351., 2305.,  205.])]:[array([106755.,   4098.,  11204.,   2739.])]:[array([158257.,   1804.,  12554.,   2387.])]:[array([25485.,  1473.,  3412.,   264.])]:[array([446354.,  35599.,  40404.,  68647.])]:
[array([0., 0., 0., 0.])]:[array([ 182835.,  168558.,  289021., 2290375.])]:[array([  5940.,  22903.,   5673., 467495.])]:[array([ 1551.,  9903.,  3438., 75096.])]:[array([  351.,  2305.,   205., 25791.])]:[array([  4098.,  11204.,   2739., 127550.])]:[array([  1804.,  12554.,   2387., 103720.])]:[array([ 1473.,  3412.,   264., 64356.])]:[array([  35599.,   40404.,   68647., 1330727.])]:
[array([0., 0., 0., 0.])]:[array([ 168558.,  289021., 2290375.,   11704.])]:[array([ 22903.,   5673., 467495.,  16386.])]:[array([ 9903.,  3438., 75096., 18172.])]:[array([ 2305.,   205., 25791.,  1845.])]:[array([ 11204.,   2739., 127550.,  11304.])]:[array([ 12554.,   2387., 103720.,  11700.])]:[array([ 3412.,   264., 64356.,  3955.])]:[array([  40404.,   68647., 1330727.,   81502.])]:
[array([ 0.,  0.,  0., 48.])]:[array([ 289021., 2290375.,   11704.,   11704.])]:[array([  5673., 467495.,  16386.,  16386.])]:[array([ 3438., 75096., 18172., 18172.])]:[array([  205., 25791.,  1845.,  1845.])]:[array([  2739., 127550.,  11304.,  11304.])]:[array([  2387., 103720.,  11700.,  11700.])]:[array([  264., 64356.,  3955.,  3955.])]:[array([  68647., 1330727.,   81502.,   81502.])]:
[array([ 0.,  0., 48.,  0.])]:[array([2290375.,   11704.,   11704.,   75898.])]:[array([467495.,  16386.,  16386.,   2359.])]:[array([75096., 18172., 18172.,   557.])]:[array([25791.,  1845.,  1845.,   206.])]:[array([127550.,  11304.,  11304.,    821.])]:[array([103720.,  11700.,  11700.,    590.])]:[array([64356.,  3955.,  3955.,   445.])]:[array([1330727.,   81502.,   81502.,    6150.])]:
[array([ 0., 48.,  0.,  0.])]:[array([ 11704.,  11704.,  75898., 642046.])]:[array([16386., 16386.,  2359., 23751.])]:[array([18172., 18172.,   557., 21630.])]:[array([ 1845.,  1845.,   206., 20055.])]:[array([11304., 11304.,   821., 19363.])]:[array([11700., 11700.,   590., 32246.])]:[array([ 3955.,  3955.,   445., 21627.])]:[array([81502., 81502.,  6150., 96635.])]:
[array([ 48.,   0.,   0., 157.])]:[array([ 11704.,  75898., 642046., 642046.])]:[array([16386.,  2359., 23751., 23751.])]:[array([18172.,   557., 21630., 21630.])]:[array([ 1845.,   206., 20055., 20055.])]:[array([11304.,   821., 19363., 19363.])]:[array([11700.,   590., 32246., 32246.])]:[array([ 3955.,   445., 21627., 21627.])]:[array([81502.,  6150., 96635., 96635.])]:
[array([  0.,   0., 157., 132.])]:[array([ 75898., 642046., 642046., 642046.])]:[array([ 2359., 23751., 23751., 23751.])]:[array([  557., 21630., 21630., 21630.])]:[array([  206., 20055., 20055., 20055.])]:[array([  821., 19363., 19363., 19363.])]:[array([  590., 32246., 32246., 32246.])]:[array([  445., 21627., 21627., 21627.])]:[array([ 6150., 96635., 96635., 96635.])]:
[array([  0., 157., 132.,   0.])]:[array([642046., 642046., 642046., 534627.])]:[array([23751., 23751., 23751.,  9037.])]:[array([21630., 21630., 21630.,  3276.])]:[array([20055., 20055., 20055.,   397.])]:[array([19363., 19363., 19363., 14938.])]:[array([32246., 32246., 32246.,  3969.])]:[array([21627., 21627., 21627.,   909.])]:[array([96635., 96635., 96635., 28982.])]:
[array([157., 132.,   0.,   0.])]:[array([ 642046.,  642046.,  534627., 1801524.])]:[array([23751., 23751.,  9037., 64093.])]:[array([21630., 21630.,  3276., 17349.])]:[array([20055., 20055.,   397.,  2726.])]:[array([19363., 19363., 14938., 51077.])]:[array([32246., 32246.,  3969., 12312.])]:[array([21627., 21627.,   909.,  6939.])]:[array([ 96635.,  96635.,  28982., 127835.])]:
[array([132.,   0.,   0., 188.])]:[array([ 642046.,  534627., 1801524., 1801524.])]:[array([23751.,  9037., 64093., 64093.])]:[array([21630.,  3276., 17349., 17349.])]:[array([20055.,   397.,  2726.,  2726.])]:[array([19363., 14938., 51077., 51077.])]:[array([32246.,  3969., 12312., 12312.])]:[array([21627.,   909.,  6939.,  6939.])]:[array([ 96635.,  28982., 127835., 127835.])]:
[array([  0.,   0., 188.,   0.])]:[array([ 534627., 1801524., 1801524.,  139310.])]:[array([ 9037., 64093., 64093., 10711.])]:[array([ 3276., 17349., 17349., 32606.])]:[array([ 397., 2726., 2726., 3134.])]:[array([14938., 51077., 51077., 12966.])]:[array([ 3969., 12312., 12312., 17037.])]:[array([ 909., 6939., 6939., 7250.])]:[array([ 28982., 127835., 127835., 214968.])]:
[array([  0., 188.,   0., 132.])]:[array([1801524., 1801524.,  139310.,  139310.])]:[array([64093., 64093., 10711., 10711.])]:[array([17349., 17349., 32606., 32606.])]:[array([2726., 2726., 3134., 3134.])]:[array([51077., 51077., 12966., 12966.])]:[array([12312., 12312., 17037., 17037.])]:[array([6939., 6939., 7250., 7250.])]:[array([127835., 127835., 214968., 214968.])]:
[array([188.,   0., 132.,   0.])]:[array([1801524.,  139310.,  139310.,   23093.])]:[array([64093., 10711., 10711.,  2574.])]:[array([17349., 32606., 32606.,  3569.])]:[array([2726., 3134., 3134., 1245.])]:[array([51077., 12966., 12966.,  8160.])]:[array([12312., 17037., 17037., 11065.])]:[array([6939., 7250., 7250., 3538.])]:[array([127835., 214968., 214968.,  15220.])]:
[array([  0., 132.,   0.,   0.])]:[array([139310., 139310.,  23093.,   7254.])]:[array([10711., 10711.,  2574., 18744.])]:[array([32606., 32606.,  3569., 11619.])]:[array([3134., 3134., 1245.,  819.])]:[array([12966., 12966.,  8160., 30399.])]:[array([17037., 17037., 11065., 13849.])]:[array([7250., 7250., 3538., 1822.])]:[array([214968., 214968.,  15220.,  12274.])]:
[array([132.,   0.,   0.,  50.])]:[array([139310.,  23093.,   7254.,   7254.])]:[array([10711.,  2574., 18744., 18744.])]:[array([32606.,  3569., 11619., 11619.])]:[array([3134., 1245.,  819.,  819.])]:[array([12966.,  8160., 30399., 30399.])]:[array([17037., 11065., 13849., 13849.])]:[array([7250., 3538., 1822., 1822.])]:[array([214968.,  15220.,  12274.,  12274.])]:
[array([ 0.,  0., 50.,  0.])]:[array([ 23093.,   7254.,   7254., 104641.])]:[array([ 2574., 18744., 18744.,  2847.])]:[array([ 3569., 11619., 11619.,  1845.])]:[array([1245.,  819.,  819.,  702.])]:[array([ 8160., 30399., 30399.,  5810.])]:[array([11065., 13849., 13849.,  5765.])]:[array([3538., 1822., 1822.,  852.])]:[array([15220., 12274., 12274.,  8284.])]:
[array([  0.,  50.,   0., 191.])]:[array([  7254.,   7254., 104641., 104641.])]:[array([18744., 18744.,  2847.,  2847.])]:[array([11619., 11619.,  1845.,  1845.])]:[array([819., 819., 702., 702.])]:[array([30399., 30399.,  5810.,  5810.])]:[array([13849., 13849.,  5765.,  5765.])]:[array([1822., 1822.,  852.,  852.])]:[array([12274., 12274.,  8284.,  8284.])]:
[array([ 50.,   0., 191., 152.])]:[array([  7254., 104641., 104641., 104641.])]:[array([18744.,  2847.,  2847.,  2847.])]:[array([11619.,  1845.,  1845.,  1845.])]:[array([819., 702., 702., 702.])]:[array([30399.,  5810.,  5810.,  5810.])]:[array([13849.,  5765.,  5765.,  5765.])]:[array([1822.,  852.,  852.,  852.])]:[array([12274.,  8284.,  8284.,  8284.])]:
[array([  0., 191., 152.,   0.])]:[array([104641., 104641., 104641.,  42371.])]:[array([2847., 2847., 2847., 2518.])]:[array([1845., 1845., 1845., 1838.])]:[array([702., 702., 702., 527.])]:[array([5810., 5810., 5810., 3375.])]:[array([5765., 5765., 5765., 2602.])]:[array([852., 852., 852., 665.])]:[array([ 8284.,  8284.,  8284., 10470.])]:
[array([191., 152.,   0.,   0.])]:[array([104641., 104641.,  42371., 398727.])]:[array([ 2847.,  2847.,  2518., 30801.])]:[array([1845., 1845., 1838., 8239.])]:[array([ 702.,  702.,  527., 1961.])]:[array([ 5810.,  5810.,  3375., 28274.])]:[array([ 5765.,  5765.,  2602., 30839.])]:[array([ 852.,  852.,  665., 6079.])]:[array([  8284.,   8284.,  10470., 104448.])]:
[array([152.,   0.,   0., 192.])]:[array([104641.,  42371., 398727., 398727.])]:[array([ 2847.,  2518., 30801., 30801.])]:[array([1845., 1838., 8239., 8239.])]:[array([ 702.,  527., 1961., 1961.])]:[array([ 5810.,  3375., 28274., 28274.])]:[array([ 5765.,  2602., 30839., 30839.])]:[array([ 852.,  665., 6079., 6079.])]:[array([  8284.,  10470., 104448., 104448.])]:
[array([  0.,   0., 192.,   0.])]:[array([  42371.,  398727.,  398727., 1621924.])]:[array([  2518.,  30801.,  30801., 230952.])]:[array([ 1838.,  8239.,  8239., 32586.])]:[array([  527.,  1961.,  1961., 24758.])]:[array([ 3375., 28274., 28274., 80328.])]:[array([  2602.,  30839.,  30839., 168983.])]:[array([  665.,  6079.,  6079., 15345.])]:[array([ 10470., 104448., 104448., 931963.])]:
[array([  0., 192.,   0.,  93.])]:[array([ 398727.,  398727., 1621924., 1621924.])]:[array([ 30801.,  30801., 230952., 230952.])]:[array([ 8239.,  8239., 32586., 32586.])]:[array([ 1961.,  1961., 24758., 24758.])]:[array([28274., 28274., 80328., 80328.])]:[array([ 30839.,  30839., 168983., 168983.])]:[array([ 6079.,  6079., 15345., 15345.])]:[array([104448., 104448., 931963., 931963.])]:
[array([192.,   0.,  93.,   0.])]:[array([ 398727., 1621924., 1621924., 1549160.])]:[array([ 30801., 230952., 230952.,   8083.])]:[array([ 8239., 32586., 32586.,  3358.])]:[array([ 1961., 24758., 24758.,   529.])]:[array([28274., 80328., 80328., 12496.])]:[array([ 30839., 168983., 168983.,   4917.])]:[array([ 6079., 15345., 15345.,  1561.])]:[array([104448., 931963., 931963.,  38651.])]:
[array([ 0., 93.,  0.,  0.])]:[array([1621924., 1621924., 1549160.,  243880.])]:[array([230952., 230952.,   8083.,  61997.])]:[array([32586., 32586.,  3358., 25999.])]:[array([24758., 24758.,   529.,  1956.])]:[array([80328., 80328., 12496., 48251.])]:[array([168983., 168983.,   4917.,  57912.])]:[array([15345., 15345.,  1561.,  4158.])]:[array([931963., 931963.,  38651.,  70970.])]:
[array([ 93.,   0.,   0., 202.])]:[array([1621924., 1549160.,  243880.,  243880.])]:[array([230952.,   8083.,  61997.,  61997.])]:[array([32586.,  3358., 25999., 25999.])]:[array([24758.,   529.,  1956.,  1956.])]:[array([80328., 12496., 48251., 48251.])]:[array([168983.,   4917.,  57912.,  57912.])]:[array([15345.,  1561.,  4158.,  4158.])]:[array([931963.,  38651.,  70970.,  70970.])]:
[array([  0.,   0., 202., 162.])]:[array([1549160.,  243880.,  243880.,  243880.])]:[array([ 8083., 61997., 61997., 61997.])]:[array([ 3358., 25999., 25999., 25999.])]:[array([ 529., 1956., 1956., 1956.])]:[array([12496., 48251., 48251., 48251.])]:[array([ 4917., 57912., 57912., 57912.])]:[array([1561., 4158., 4158., 4158.])]:[array([38651., 70970., 70970., 70970.])]:
[array([  0., 202., 162.,   0.])]:[array([243880., 243880., 243880., 444030.])]:[array([61997., 61997., 61997., 23190.])]:[array([25999., 25999., 25999.,  8380.])]:[array([1956., 1956., 1956.,  949.])]:[array([48251., 48251., 48251., 18424.])]:[array([57912., 57912., 57912.,  2284.])]:[array([4158., 4158., 4158., 3251.])]:[array([ 70970.,  70970.,  70970., 134818.])]:
[array([202., 162.,   0.,   0.])]:[array([243880., 243880., 444030.,  28279.])]:[array([61997., 61997., 23190., 21810.])]:[array([25999., 25999.,  8380., 10878.])]:[array([1956., 1956.,  949., 1729.])]:[array([48251., 48251., 18424.,  7205.])]:[array([57912., 57912.,  2284., 19020.])]:[array([4158., 4158., 3251., 2749.])]:[array([ 70970.,  70970., 134818.,  42465.])]:
[array([162.,   0.,   0., 157.])]:[array([243880., 444030.,  28279.,  28279.])]:[array([61997., 23190., 21810., 21810.])]:[array([25999.,  8380., 10878., 10878.])]:[array([1956.,  949., 1729., 1729.])]:[array([48251., 18424.,  7205.,  7205.])]:[array([57912.,  2284., 19020., 19020.])]:[array([4158., 3251., 2749., 2749.])]:[array([ 70970., 134818.,  42465.,  42465.])]:
[array([  0.,   0., 157.,   0.])]:[array([444030.,  28279.,  28279., 312325.])]:[array([23190., 21810., 21810., 31789.])]:[array([ 8380., 10878., 10878., 10724.])]:[array([ 949., 1729., 1729., 2421.])]:[array([18424.,  7205.,  7205., 25392.])]:[array([ 2284., 19020., 19020., 18769.])]:[array([3251., 2749., 2749., 3053.])]:[array([134818.,  42465.,  42465.,  74872.])]:
[array([  0., 157.,   0., 162.])]:[array([ 28279.,  28279., 312325., 312325.])]:[array([21810., 21810., 31789., 31789.])]:[array([10878., 10878., 10724., 10724.])]:[array([1729., 1729., 2421., 2421.])]:[array([ 7205.,  7205., 25392., 25392.])]:[array([19020., 19020., 18769., 18769.])]:[array([2749., 2749., 3053., 3053.])]:[array([42465., 42465., 74872., 74872.])]:
[array([157.,   0., 162.,   0.])]:[array([ 28279., 312325., 312325., 706023.])]:[array([21810., 31789., 31789.,  8973.])]:[array([10878., 10724., 10724.,  2254.])]:[array([1729., 2421., 2421., 1062.])]:[array([ 7205., 25392., 25392., 13011.])]:[array([19020., 18769., 18769.,  5415.])]:[array([2749., 3053., 3053., 1240.])]:[array([42465., 74872., 74872., 21409.])]:
[array([  0., 162.,   0., 159.])]:[array([312325., 312325., 706023., 706023.])]:[array([31789., 31789.,  8973.,  8973.])]:[array([10724., 10724.,  2254.,  2254.])]:[array([2421., 2421., 1062., 1062.])]:[array([25392., 25392., 13011., 13011.])]:[array([18769., 18769.,  5415.,  5415.])]:[array([3053., 3053., 1240., 1240.])]:[array([74872., 74872., 21409., 21409.])]:
[array([162.,   0., 159.,   0.])]:[array([312325., 706023., 706023., 897314.])]:[array([31789.,  8973.,  8973., 36625.])]:[array([10724.,  2254.,  2254., 36023.])]:[array([ 2421.,  1062.,  1062., 10674.])]:[array([25392., 13011., 13011.,  7235.])]:[array([18769.,  5415.,  5415., 61977.])]:[array([3053., 1240., 1240., 9846.])]:[array([ 74872.,  21409.,  21409., 169944.])]:
[array([  0., 159.,   0.,   0.])]:[array([706023., 706023., 897314.,  38053.])]:[array([ 8973.,  8973., 36625., 22459.])]:[array([ 2254.,  2254., 36023., 22846.])]:[array([ 1062.,  1062., 10674.,  1101.])]:[array([13011., 13011.,  7235., 27319.])]:[array([ 5415.,  5415., 61977., 28546.])]:[array([1240., 1240., 9846., 5385.])]:[array([ 21409.,  21409., 169944.,   9845.])]:
[array([159.,   0.,   0.,   0.])]:[array([706023., 897314.,  38053., 148411.])]:[array([ 8973., 36625., 22459.,  5332.])]:[array([ 2254., 36023., 22846.,  2337.])]:[array([ 1062., 10674.,  1101.,   526.])]:[array([13011.,  7235., 27319.,  1465.])]:[array([ 5415., 61977., 28546.,  3326.])]:[array([1240., 9846., 5385., 1106.])]:[array([ 21409., 169944.,   9845.,  27089.])]:
[array([0., 0., 0., 0.])]:[array([897314.,  38053., 148411., 576115.])]:[array([ 36625.,  22459.,   5332., 124769.])]:[array([36023., 22846.,  2337., 46004.])]:[array([10674.,  1101.,   526., 21469.])]:[array([ 7235., 27319.,  1465., 66073.])]:[array([61977., 28546.,  3326., 66967.])]:[array([ 9846.,  5385.,  1106., 13709.])]:[array([169944.,   9845.,  27089., 324937.])]:
[array([  0.,   0.,   0., 143.])]:[array([ 38053., 148411., 576115., 576115.])]:[array([ 22459.,   5332., 124769., 124769.])]:[array([22846.,  2337., 46004., 46004.])]:[array([ 1101.,   526., 21469., 21469.])]:[array([27319.,  1465., 66073., 66073.])]:[array([28546.,  3326., 66967., 66967.])]:[array([ 5385.,  1106., 13709., 13709.])]:[array([  9845.,  27089., 324937., 324937.])]:
[array([  0.,   0., 143., 161.])]:[array([148411., 576115., 576115., 576115.])]:[array([  5332., 124769., 124769., 124769.])]:[array([ 2337., 46004., 46004., 46004.])]:[array([  526., 21469., 21469., 21469.])]:[array([ 1465., 66073., 66073., 66073.])]:[array([ 3326., 66967., 66967., 66967.])]:[array([ 1106., 13709., 13709., 13709.])]:[array([ 27089., 324937., 324937., 324937.])]:
[array([  0., 143., 161.,   0.])]:[array([576115., 576115., 576115., 640598.])]:[array([124769., 124769., 124769.,  16818.])]:[array([46004., 46004., 46004.,  6931.])]:[array([21469., 21469., 21469.,  1735.])]:[array([66073., 66073., 66073., 21739.])]:[array([66967., 66967., 66967.,  8462.])]:[array([13709., 13709., 13709.,  2391.])]:[array([324937., 324937., 324937., 105389.])]:
[array([143., 161.,   0.,   0.])]:[array([576115., 576115., 640598.,   7081.])]:[array([124769., 124769.,  16818.,  11077.])]:[array([46004., 46004.,  6931., 16790.])]:[array([21469., 21469.,  1735.,  1524.])]:[array([66073., 66073., 21739., 10891.])]:[array([66967., 66967.,  8462., 17541.])]:[array([13709., 13709.,  2391., 11313.])]:[array([324937., 324937., 105389.,  54689.])]:
[array([161.,   0.,   0., 137.])]:[array([576115., 640598.,   7081.,   7081.])]:[array([124769.,  16818.,  11077.,  11077.])]:[array([46004.,  6931., 16790., 16790.])]:[array([21469.,  1735.,  1524.,  1524.])]:[array([66073., 21739., 10891., 10891.])]:[array([66967.,  8462., 17541., 17541.])]:[array([13709.,  2391., 11313., 11313.])]:[array([324937., 105389.,  54689.,  54689.])]:
[array([  0.,   0., 137.,   0.])]:[array([640598.,   7081.,   7081., 516287.])]:[array([16818., 11077., 11077., 55079.])]:[array([ 6931., 16790., 16790., 14524.])]:[array([1735., 1524., 1524., 6959.])]:[array([21739., 10891., 10891., 38971.])]:[array([ 8462., 17541., 17541., 25878.])]:[array([ 2391., 11313., 11313.,  5862.])]:[array([105389.,  54689.,  54689., 580698.])]:
[array([  0., 137.,   0.,   0.])]:[array([  7081.,   7081., 516287.,  35079.])]:[array([11077., 11077., 55079.,  9380.])]:[array([16790., 16790., 14524.,  1311.])]:[array([1524., 1524., 6959., 1055.])]:[array([10891., 10891., 38971.,  3374.])]:[array([17541., 17541., 25878.,  3970.])]:[array([11313., 11313.,  5862.,  2563.])]:[array([ 54689.,  54689., 580698.,   8883.])]:
[array([137.,   0.,   0., 188.])]:[array([  7081., 516287.,  35079.,  35079.])]:[array([11077., 55079.,  9380.,  9380.])]:[array([16790., 14524.,  1311.,  1311.])]:[array([1524., 6959., 1055., 1055.])]:[array([10891., 38971.,  3374.,  3374.])]:[array([17541., 25878.,  3970.,  3970.])]:[array([11313.,  5862.,  2563.,  2563.])]:[array([ 54689., 580698.,   8883.,   8883.])]:
[array([  0.,   0., 188., 184.])]:[array([516287.,  35079.,  35079.,  35079.])]:[array([55079.,  9380.,  9380.,  9380.])]:[array([14524.,  1311.,  1311.,  1311.])]:[array([6959., 1055., 1055., 1055.])]:[array([38971.,  3374.,  3374.,  3374.])]:[array([25878.,  3970.,  3970.,  3970.])]:[array([5862., 2563., 2563., 2563.])]:[array([580698.,   8883.,   8883.,   8883.])]:
[array([  0., 188., 184.,   0.])]:[array([  35079.,   35079.,   35079., 1546896.])]:[array([ 9380.,  9380.,  9380., 90175.])]:[array([ 1311.,  1311.,  1311., 41427.])]:[array([1055., 1055., 1055., 3020.])]:[array([ 3374.,  3374.,  3374., 93826.])]:[array([ 3970.,  3970.,  3970., 28742.])]:[array([ 2563.,  2563.,  2563., 11983.])]:[array([  8883.,   8883.,   8883., 423078.])]:
[array([188., 184.,   0., 100.])]:[array([  35079.,   35079., 1546896., 1546896.])]:[array([ 9380.,  9380., 90175., 90175.])]:[array([ 1311.,  1311., 41427., 41427.])]:[array([1055., 1055., 3020., 3020.])]:[array([ 3374.,  3374., 93826., 93826.])]:[array([ 3970.,  3970., 28742., 28742.])]:[array([ 2563.,  2563., 11983., 11983.])]:[array([  8883.,   8883., 423078., 423078.])]:
[array([184.,   0., 100.,   0.])]:[array([  35079., 1546896., 1546896.,  278858.])]:[array([ 9380., 90175., 90175., 14753.])]:[array([ 1311., 41427., 41427.,  9959.])]:[array([1055., 3020., 3020., 3096.])]:[array([ 3374., 93826., 93826., 20884.])]:[array([ 3970., 28742., 28742., 23434.])]:[array([ 2563., 11983., 11983.,  4354.])]:[array([  8883., 423078., 423078., 269619.])]:
[array([  0., 100.,   0., 100.])]:[array([1546896., 1546896.,  278858.,  278858.])]:[array([90175., 90175., 14753., 14753.])]:[array([41427., 41427.,  9959.,  9959.])]:[array([3020., 3020., 3096., 3096.])]:[array([93826., 93826., 20884., 20884.])]:[array([28742., 28742., 23434., 23434.])]:[array([11983., 11983.,  4354.,  4354.])]:[array([423078., 423078., 269619., 269619.])]:
[array([100.,   0., 100., 132.])]:[array([1546896.,  278858.,  278858.,  278858.])]:[array([90175., 14753., 14753., 14753.])]:[array([41427.,  9959.,  9959.,  9959.])]:[array([3020., 3096., 3096., 3096.])]:[array([93826., 20884., 20884., 20884.])]:[array([28742., 23434., 23434., 23434.])]:[array([11983.,  4354.,  4354.,  4354.])]:[array([423078., 269619., 269619., 269619.])]:
[array([  0., 100., 132., 175.])]:[array([278858., 278858., 278858., 278858.])]:[array([14753., 14753., 14753., 14753.])]:[array([9959., 9959., 9959., 9959.])]:[array([3096., 3096., 3096., 3096.])]:[array([20884., 20884., 20884., 20884.])]:[array([23434., 23434., 23434., 23434.])]:[array([4354., 4354., 4354., 4354.])]:[array([269619., 269619., 269619., 269619.])]:
[array([100., 132., 175., 101.])]:[array([278858., 278858., 278858., 278858.])]:[array([14753., 14753., 14753., 14753.])]:[array([9959., 9959., 9959., 9959.])]:[array([3096., 3096., 3096., 3096.])]:[array([20884., 20884., 20884., 20884.])]:[array([23434., 23434., 23434., 23434.])]:[array([4354., 4354., 4354., 4354.])]:[array([269619., 269619., 269619., 269619.])]:
[array([132., 175., 101.,   0.])]:[array([ 278858.,  278858.,  278858., 1740948.])]:[array([14753., 14753., 14753., 31254.])]:[array([ 9959.,  9959.,  9959., 77253.])]:[array([3096., 3096., 3096., 7210.])]:[array([20884., 20884., 20884., 68957.])]:[array([ 23434.,  23434.,  23434., 187008.])]:[array([ 4354.,  4354.,  4354., 54947.])]:[array([269619., 269619., 269619., 647738.])]:
[array([175., 101.,   0.,   0.])]:[array([ 278858.,  278858., 1740948.,   28210.])]:[array([14753., 14753., 31254., 10115.])]:[array([ 9959.,  9959., 77253.,  4418.])]:[array([3096., 3096., 7210.,  528.])]:[array([20884., 20884., 68957., 19115.])]:[array([ 23434.,  23434., 187008.,   6838.])]:[array([ 4354.,  4354., 54947.,  5370.])]:[array([269619., 269619., 647738.,  26664.])]:
[array([101.,   0.,   0.,   0.])]:[array([ 278858., 1740948.,   28210.,   24493.])]:[array([14753., 31254., 10115., 15400.])]:[array([ 9959., 77253.,  4418.,  7943.])]:[array([3096., 7210.,  528., 1059.])]:[array([20884., 68957., 19115.,  3102.])]:[array([ 23434., 187008.,   6838.,  17301.])]:[array([ 4354., 54947.,  5370.,  3800.])]:[array([269619., 647738.,  26664.,  20706.])]:
[array([ 0.,  0.,  0., 46.])]:[array([1740948.,   28210.,   24493.,   24493.])]:[array([31254., 10115., 15400., 15400.])]:[array([77253.,  4418.,  7943.,  7943.])]:[array([7210.,  528., 1059., 1059.])]:[array([68957., 19115.,  3102.,  3102.])]:[array([187008.,   6838.,  17301.,  17301.])]:[array([54947.,  5370.,  3800.,  3800.])]:[array([647738.,  26664.,  20706.,  20706.])]:
[array([ 0.,  0., 46.,  0.])]:[array([ 28210.,  24493.,  24493., 712588.])]:[array([10115., 15400., 15400.,  4619.])]:[array([4418., 7943., 7943., 2306.])]:[array([ 528., 1059., 1059.,  777.])]:[array([19115.,  3102.,  3102., 10034.])]:[array([ 6838., 17301., 17301., 10087.])]:[array([5370., 3800., 3800.,  985.])]:[array([26664., 20706., 20706., 12706.])]:
[array([  0.,  46.,   0., 190.])]:[array([ 24493.,  24493., 712588., 712588.])]:[array([15400., 15400.,  4619.,  4619.])]:[array([7943., 7943., 2306., 2306.])]:[array([1059., 1059.,  777.,  777.])]:[array([ 3102.,  3102., 10034., 10034.])]:[array([17301., 17301., 10087., 10087.])]:[array([3800., 3800.,  985.,  985.])]:[array([20706., 20706., 12706., 12706.])]:
[array([ 46.,   0., 190., 153.])]:[array([ 24493., 712588., 712588., 712588.])]:[array([15400.,  4619.,  4619.,  4619.])]:[array([7943., 2306., 2306., 2306.])]:[array([1059.,  777.,  777.,  777.])]:[array([ 3102., 10034., 10034., 10034.])]:[array([17301., 10087., 10087., 10087.])]:[array([3800.,  985.,  985.,  985.])]:[array([20706., 12706., 12706., 12706.])]:
[array([  0., 190., 153.,   0.])]:[array([ 712588.,  712588.,  712588., 1655731.])]:[array([  4619.,   4619.,   4619., 373534.])]:[array([ 2306.,  2306.,  2306., 40833.])]:[array([  777.,   777.,   777., 23555.])]:[array([10034., 10034., 10034., 48128.])]:[array([ 10087.,  10087.,  10087., 159483.])]:[array([  985.,   985.,   985., 44583.])]:[array([ 12706.,  12706.,  12706., 654231.])]:
[array([190., 153.,   0.,   0.])]:[array([ 712588.,  712588., 1655731.,   11574.])]:[array([  4619.,   4619., 373534.,  15402.])]:[array([ 2306.,  2306., 40833., 15167.])]:[array([  777.,   777., 23555.,  1669.])]:[array([10034., 10034., 48128., 13551.])]:[array([ 10087.,  10087., 159483.,  20182.])]:[array([  985.,   985., 44583.,  6333.])]:[array([ 12706.,  12706., 654231.,  35098.])]:
[array([153.,   0.,   0.,   0.])]:[array([ 712588., 1655731.,   11574.,   12320.])]:[array([  4619., 373534.,  15402.,   3002.])]:[array([ 2306., 40833., 15167.,  2912.])]:[array([  777., 23555.,  1669.,   292.])]:[array([10034., 48128., 13551., 12419.])]:[array([ 10087., 159483.,  20182.,   6119.])]:[array([  985., 44583.,  6333.,  1472.])]:[array([ 12706., 654231.,  35098.,  14823.])]:
[array([  0.,   0.,   0., 171.])]:[array([1655731.,   11574.,   12320.,   12320.])]:[array([373534.,  15402.,   3002.,   3002.])]:[array([40833., 15167.,  2912.,  2912.])]:[array([23555.,  1669.,   292.,   292.])]:[array([48128., 13551., 12419., 12419.])]:[array([159483.,  20182.,   6119.,   6119.])]:[array([44583.,  6333.,  1472.,  1472.])]:[array([654231.,  35098.,  14823.,  14823.])]:
[array([  0.,   0., 171., 182.])]:[array([11574., 12320., 12320., 12320.])]:[array([15402.,  3002.,  3002.,  3002.])]:[array([15167.,  2912.,  2912.,  2912.])]:[array([1669.,  292.,  292.,  292.])]:[array([13551., 12419., 12419., 12419.])]:[array([20182.,  6119.,  6119.,  6119.])]:[array([6333., 1472., 1472., 1472.])]:[array([35098., 14823., 14823., 14823.])]:
[array([  0., 171., 182.,   0.])]:[array([  12320.,   12320.,   12320., 1561397.])]:[array([ 3002.,  3002.,  3002., 45180.])]:[array([ 2912.,  2912.,  2912., 16211.])]:[array([ 292.,  292.,  292., 4481.])]:[array([12419., 12419., 12419., 47448.])]:[array([ 6119.,  6119.,  6119., 27573.])]:[array([ 1472.,  1472.,  1472., 30693.])]:[array([ 14823.,  14823.,  14823., 256326.])]:
[array([171., 182.,   0., 195.])]:[array([  12320.,   12320., 1561397., 1561397.])]:[array([ 3002.,  3002., 45180., 45180.])]:[array([ 2912.,  2912., 16211., 16211.])]:[array([ 292.,  292., 4481., 4481.])]:[array([12419., 12419., 47448., 47448.])]:[array([ 6119.,  6119., 27573., 27573.])]:[array([ 1472.,  1472., 30693., 30693.])]:[array([ 14823.,  14823., 256326., 256326.])]:
[array([182.,   0., 195.,   0.])]:[array([  12320., 1561397., 1561397.,  287511.])]:[array([ 3002., 45180., 45180., 50127.])]:[array([ 2912., 16211., 16211., 24842.])]:[array([ 292., 4481., 4481.,  424.])]:[array([12419., 47448., 47448., 35401.])]:[array([ 6119., 27573., 27573., 47750.])]:[array([ 1472., 30693., 30693.,  2549.])]:[array([ 14823., 256326., 256326., 136242.])]:
[array([  0., 195.,   0.,  93.])]:[array([1561397., 1561397.,  287511.,  287511.])]:[array([45180., 45180., 50127., 50127.])]:[array([16211., 16211., 24842., 24842.])]:[array([4481., 4481.,  424.,  424.])]:[array([47448., 47448., 35401., 35401.])]:[array([27573., 27573., 47750., 47750.])]:[array([30693., 30693.,  2549.,  2549.])]:[array([256326., 256326., 136242., 136242.])]:
[array([195.,   0.,  93.,   0.])]:[array([1561397.,  287511.,  287511.,  289418.])]:[array([45180., 50127., 50127., 11499.])]:[array([16211., 24842., 24842.,   880.])]:[array([4481.,  424.,  424.,  883.])]:[array([47448., 35401., 35401.,  7966.])]:[array([27573., 47750., 47750.,  5221.])]:[array([30693.,  2549.,  2549.,  1338.])]:[array([256326., 136242., 136242.,  24751.])]:
[array([ 0., 93.,  0.,  0.])]:[array([287511., 287511., 289418.,  50102.])]:[array([50127., 50127., 11499., 45041.])]:[array([24842., 24842.,   880., 34389.])]:[array([  424.,   424.,   883., 10670.])]:[array([35401., 35401.,  7966., 15678.])]:[array([47750., 47750.,  5221., 44958.])]:[array([ 2549.,  2549.,  1338., 17649.])]:[array([136242., 136242.,  24751., 125013.])]:
[array([ 93.,   0.,   0., 192.])]:[array([287511., 289418.,  50102.,  50102.])]:[array([50127., 11499., 45041., 45041.])]:[array([24842.,   880., 34389., 34389.])]:[array([  424.,   883., 10670., 10670.])]:[array([35401.,  7966., 15678., 15678.])]:[array([47750.,  5221., 44958., 44958.])]:[array([ 2549.,  1338., 17649., 17649.])]:[array([136242.,  24751., 125013., 125013.])]:
[array([  0.,   0., 192., 160.])]:[array([289418.,  50102.,  50102.,  50102.])]:[array([11499., 45041., 45041., 45041.])]:[array([  880., 34389., 34389., 34389.])]:[array([  883., 10670., 10670., 10670.])]:[array([ 7966., 15678., 15678., 15678.])]:[array([ 5221., 44958., 44958., 44958.])]:[array([ 1338., 17649., 17649., 17649.])]:[array([ 24751., 125013., 125013., 125013.])]:
[array([  0., 192., 160.,   0.])]:[array([ 50102.,  50102.,  50102., 463640.])]:[array([45041., 45041., 45041., 17704.])]:[array([34389., 34389., 34389.,  6808.])]:[array([10670., 10670., 10670.,   827.])]:[array([15678., 15678., 15678., 15494.])]:[array([44958., 44958., 44958., 13898.])]:[array([17649., 17649., 17649.,  3856.])]:[array([125013., 125013., 125013.,  33422.])]:
[array([192., 160.,   0.,   0.])]:[array([ 50102.,  50102., 463640.,  85104.])]:[array([45041., 45041., 17704.,  4540.])]:[array([34389., 34389.,  6808., 14991.])]:[array([10670., 10670.,   827.,  3575.])]:[array([15678., 15678., 15494., 40218.])]:[array([44958., 44958., 13898.,  8505.])]:[array([17649., 17649.,  3856.,  4510.])]:[array([125013., 125013.,  33422.,  37511.])]:
[array([160.,   0.,   0.,  52.])]:[array([ 50102., 463640.,  85104.,  85104.])]:[array([45041., 17704.,  4540.,  4540.])]:[array([34389.,  6808., 14991., 14991.])]:[array([10670.,   827.,  3575.,  3575.])]:[array([15678., 15494., 40218., 40218.])]:[array([44958., 13898.,  8505.,  8505.])]:[array([17649.,  3856.,  4510.,  4510.])]:[array([125013.,  33422.,  37511.,  37511.])]:
[array([ 0.,  0., 52.,  0.])]:[array([463640.,  85104.,  85104., 157870.])]:[array([17704.,  4540.,  4540.,  1788.])]:[array([ 6808., 14991., 14991.,  1902.])]:[array([ 827., 3575., 3575.,  557.])]:[array([15494., 40218., 40218.,  7612.])]:[array([13898.,  8505.,  8505.,  2062.])]:[array([3856., 4510., 4510., 1354.])]:[array([33422., 37511., 37511.,  8281.])]:
[array([ 0., 52.,  0.,  0.])]:[array([ 85104.,  85104., 157870., 221770.])]:[array([4540., 4540., 1788., 3804.])]:[array([14991., 14991.,  1902., 15389.])]:[array([3575., 3575.,  557., 2518.])]:[array([40218., 40218.,  7612., 19910.])]:[array([ 8505.,  8505.,  2062., 14267.])]:[array([4510., 4510., 1354., 6078.])]:[array([37511., 37511.,  8281., 46549.])]:
[array([ 52.,   0.,   0., 190.])]:[array([ 85104., 157870., 221770., 221770.])]:[array([4540., 1788., 3804., 3804.])]:[array([14991.,  1902., 15389., 15389.])]:[array([3575.,  557., 2518., 2518.])]:[array([40218.,  7612., 19910., 19910.])]:[array([ 8505.,  2062., 14267., 14267.])]:[array([4510., 1354., 6078., 6078.])]:[array([37511.,  8281., 46549., 46549.])]:
[array([  0.,   0., 190.,   0.])]:[array([157870., 221770., 221770.,  92099.])]:[array([1788., 3804., 3804., 1673.])]:[array([ 1902., 15389., 15389.,  3674.])]:[array([ 557., 2518., 2518.,  486.])]:[array([ 7612., 19910., 19910., 13475.])]:[array([ 2062., 14267., 14267.,  1817.])]:[array([1354., 6078., 6078.,  916.])]:[array([ 8281., 46549., 46549., 58775.])]:
[array([  0., 190.,   0.,   0.])]:[array([221770., 221770.,  92099.,  16098.])]:[array([ 3804.,  3804.,  1673., 20039.])]:[array([15389., 15389.,  3674.,  7170.])]:[array([2518., 2518.,  486., 2933.])]:[array([19910., 19910., 13475., 12755.])]:[array([14267., 14267.,  1817., 14408.])]:[array([6078., 6078.,  916., 3350.])]:[array([46549., 46549., 58775., 18624.])]:
[array([190.,   0.,   0., 205.])]:[array([221770.,  92099.,  16098.,  16098.])]:[array([ 3804.,  1673., 20039., 20039.])]:[array([15389.,  3674.,  7170.,  7170.])]:[array([2518.,  486., 2933., 2933.])]:[array([19910., 13475., 12755., 12755.])]:[array([14267.,  1817., 14408., 14408.])]:[array([6078.,  916., 3350., 3350.])]:[array([46549., 58775., 18624., 18624.])]:
[array([  0.,   0., 205., 210.])]:[array([92099., 16098., 16098., 16098.])]:[array([ 1673., 20039., 20039., 20039.])]:[array([3674., 7170., 7170., 7170.])]:[array([ 486., 2933., 2933., 2933.])]:[array([13475., 12755., 12755., 12755.])]:[array([ 1817., 14408., 14408., 14408.])]:[array([ 916., 3350., 3350., 3350.])]:[array([58775., 18624., 18624., 18624.])]:
[array([  0., 205., 210.,   0.])]:[array([16098., 16098., 16098., 20655.])]:[array([20039., 20039., 20039.,  7466.])]:[array([7170., 7170., 7170., 1886.])]:[array([2933., 2933., 2933.,  693.])]:[array([12755., 12755., 12755.,  4002.])]:[array([14408., 14408., 14408.,  2753.])]:[array([3350., 3350., 3350.,  631.])]:[array([18624., 18624., 18624.,  5188.])]:
[array([205., 210.,   0.,   0.])]:[array([16098., 16098., 20655.,  6434.])]:[array([20039., 20039.,  7466., 11747.])]:[array([7170., 7170., 1886., 3770.])]:[array([2933., 2933.,  693., 1764.])]:[array([12755., 12755.,  4002.,  1494.])]:[array([14408., 14408.,  2753.,  5310.])]:[array([3350., 3350.,  631., 3138.])]:[array([18624., 18624.,  5188., 10979.])]:
[array([210.,   0.,   0.,  39.])]:[array([16098., 20655.,  6434.,  6434.])]:[array([20039.,  7466., 11747., 11747.])]:[array([7170., 1886., 3770., 3770.])]:[array([2933.,  693., 1764., 1764.])]:[array([12755.,  4002.,  1494.,  1494.])]:[array([14408.,  2753.,  5310.,  5310.])]:[array([3350.,  631., 3138., 3138.])]:[array([18624.,  5188., 10979., 10979.])]:
[array([ 0.,  0., 39.,  0.])]:[array([20655.,  6434.,  6434., 50387.])]:[array([ 7466., 11747., 11747.,  2527.])]:[array([1886., 3770., 3770., 2852.])]:[array([ 693., 1764., 1764.,  363.])]:[array([ 4002.,  1494.,  1494., 13079.])]:[array([2753., 5310., 5310., 2283.])]:[array([ 631., 3138., 3138.,  515.])]:[array([ 5188., 10979., 10979., 36927.])]:
[array([ 0., 39.,  0.,  0.])]:[array([ 6434.,  6434., 50387., 61601.])]:[array([11747., 11747.,  2527.,  7796.])]:[array([ 3770.,  3770.,  2852., 10346.])]:[array([1764., 1764.,  363., 1093.])]:[array([ 1494.,  1494., 13079., 48178.])]:[array([ 5310.,  5310.,  2283., 12686.])]:[array([3138., 3138.,  515., 1449.])]:[array([10979., 10979., 36927., 37839.])]:
[array([ 39.,   0.,   0., 200.])]:[array([ 6434., 50387., 61601., 61601.])]:[array([11747.,  2527.,  7796.,  7796.])]:[array([ 3770.,  2852., 10346., 10346.])]:[array([1764.,  363., 1093., 1093.])]:[array([ 1494., 13079., 48178., 48178.])]:[array([ 5310.,  2283., 12686., 12686.])]:[array([3138.,  515., 1449., 1449.])]:[array([10979., 36927., 37839., 37839.])]:
[array([  0.,   0., 200., 207.])]:[array([50387., 61601., 61601., 61601.])]:[array([2527., 7796., 7796., 7796.])]:[array([ 2852., 10346., 10346., 10346.])]:[array([ 363., 1093., 1093., 1093.])]:[array([13079., 48178., 48178., 48178.])]:[array([ 2283., 12686., 12686., 12686.])]:[array([ 515., 1449., 1449., 1449.])]:[array([36927., 37839., 37839., 37839.])]:
[array([  0., 200., 207.,   0.])]:[array([ 61601.,  61601.,  61601., 691796.])]:[array([  7796.,   7796.,   7796., 635802.])]:[array([ 10346.,  10346.,  10346., 102828.])]:[array([ 1093.,  1093.,  1093., 10070.])]:[array([ 48178.,  48178.,  48178., 250194.])]:[array([ 12686.,  12686.,  12686., 100488.])]:[array([ 1449.,  1449.,  1449., 47055.])]:[array([  37839.,   37839.,   37839., 1522880.])]:
[array([200., 207.,   0.,   0.])]:[array([ 61601.,  61601., 691796., 232633.])]:[array([  7796.,   7796., 635802.,    753.])]:[array([ 10346.,  10346., 102828.,   3480.])]:[array([ 1093.,  1093., 10070.,   843.])]:[array([ 48178.,  48178., 250194.,  14063.])]:[array([ 12686.,  12686., 100488.,   5036.])]:[array([ 1449.,  1449., 47055.,   977.])]:[array([  37839.,   37839., 1522880.,   35712.])]:
[array([207.,   0.,   0.,   0.])]:[array([ 61601., 691796., 232633.,   4877.])]:[array([  7796., 635802.,    753.,   5207.])]:[array([ 10346., 102828.,   3480.,   5490.])]:[array([ 1093., 10070.,   843.,  1706.])]:[array([ 48178., 250194.,  14063.,  13690.])]:[array([ 12686., 100488.,   5036.,   4275.])]:[array([ 1449., 47055.,   977.,  2455.])]:[array([  37839., 1522880.,   35712.,   23900.])]:
[array([0., 0., 0., 0.])]:[array([691796., 232633.,   4877.,   6643.])]:[array([635802.,    753.,   5207.,  28024.])]:[array([102828.,   3480.,   5490.,  19184.])]:[array([10070.,   843.,  1706.,  2033.])]:[array([250194.,  14063.,  13690.,  41468.])]:[array([100488.,   5036.,   4275.,  21033.])]:[array([47055.,   977.,  2455.,  3950.])]:[array([1522880.,   35712.,   23900.,   75741.])]:
[array([0., 0., 0., 0.])]:[array([232633.,   4877.,   6643.,  10553.])]:[array([  753.,  5207., 28024.,  5325.])]:[array([ 3480.,  5490., 19184.,  4265.])]:[array([ 843., 1706., 2033., 1070.])]:[array([14063., 13690., 41468., 20923.])]:[array([ 5036.,  4275., 21033.,  4747.])]:[array([ 977., 2455., 3950., 2799.])]:[array([35712., 23900., 75741., 36630.])]:
[array([0., 0., 0., 0.])]:[array([ 4877.,  6643., 10553., 77153.])]:[array([ 5207., 28024.,  5325., 33994.])]:[array([ 5490., 19184.,  4265.,  6949.])]:[array([1706., 2033., 1070., 5763.])]:[array([13690., 41468., 20923., 11536.])]:[array([ 4275., 21033.,  4747., 40846.])]:[array([2455., 3950., 2799., 1950.])]:[array([23900., 75741., 36630., 82520.])]:
[array([0., 0., 0., 0.])]:[array([  6643.,  10553.,  77153., 131526.])]:[array([28024.,  5325., 33994., 27811.])]:[array([19184.,  4265.,  6949.,  7299.])]:[array([2033., 1070., 5763., 2601.])]:[array([41468., 20923., 11536., 40248.])]:[array([21033.,  4747., 40846.,  6357.])]:[array([3950., 2799., 1950., 5522.])]:[array([75741., 36630., 82520., 94997.])]:
[array([0., 0., 0., 0.])]:[array([ 10553.,  77153., 131526., 108721.])]:[array([ 5325., 33994., 27811., 19616.])]:[array([ 4265.,  6949.,  7299., 11394.])]:[array([1070., 5763., 2601., 1526.])]:[array([20923., 11536., 40248., 18891.])]:[array([ 4747., 40846.,  6357.,  6581.])]:[array([2799., 1950., 5522., 3226.])]:[array([36630., 82520., 94997., 14146.])]:
[array([0., 0., 0., 0.])]:[array([ 77153., 131526., 108721.,  12547.])]:[array([33994., 27811., 19616.,  6941.])]:[array([ 6949.,  7299., 11394.,  2741.])]:[array([5763., 2601., 1526.,  781.])]:[array([11536., 40248., 18891.,  3915.])]:[array([40846.,  6357.,  6581.,  2292.])]:[array([1950., 5522., 3226., 2527.])]:[array([82520., 94997., 14146., 23571.])]:
[array([0., 0., 0., 0.])]:[array([131526., 108721.,  12547., 101263.])]:[array([27811., 19616.,  6941.,  4846.])]:[array([ 7299., 11394.,  2741.,  2629.])]:[array([2601., 1526.,  781.,  447.])]:[array([40248., 18891.,  3915.,   970.])]:[array([6357., 6581., 2292., 5202.])]:[array([5522., 3226., 2527., 1098.])]:[array([94997., 14146., 23571.,  8463.])]:
[array([  0.,   0.,   0., 192.])]:[array([108721.,  12547., 101263., 101263.])]:[array([19616.,  6941.,  4846.,  4846.])]:[array([11394.,  2741.,  2629.,  2629.])]:[array([1526.,  781.,  447.,  447.])]:[array([18891.,  3915.,   970.,   970.])]:[array([6581., 2292., 5202., 5202.])]:[array([3226., 2527., 1098., 1098.])]:[array([14146., 23571.,  8463.,  8463.])]:
[array([  0.,   0., 192., 191.])]:[array([ 12547., 101263., 101263., 101263.])]:[array([6941., 4846., 4846., 4846.])]:[array([2741., 2629., 2629., 2629.])]:[array([781., 447., 447., 447.])]:[array([3915.,  970.,  970.,  970.])]:[array([2292., 5202., 5202., 5202.])]:[array([2527., 1098., 1098., 1098.])]:[array([23571.,  8463.,  8463.,  8463.])]:
[array([  0., 192., 191.,   0.])]:[array([101263., 101263., 101263., 227854.])]:[array([ 4846.,  4846.,  4846., 12768.])]:[array([ 2629.,  2629.,  2629., 25676.])]:[array([ 447.,  447.,  447., 2825.])]:[array([  970.,   970.,   970., 38678.])]:[array([ 5202.,  5202.,  5202., 10193.])]:[array([1098., 1098., 1098., 8192.])]:[array([ 8463.,  8463.,  8463., 37058.])]:
[array([192., 191.,   0.,   0.])]:[array([101263., 101263., 227854.,  17558.])]:[array([ 4846.,  4846., 12768.,  3881.])]:[array([ 2629.,  2629., 25676.,  2096.])]:[array([ 447.,  447., 2825.,  934.])]:[array([  970.,   970., 38678.,  6478.])]:[array([ 5202.,  5202., 10193.,  3919.])]:[array([1098., 1098., 8192., 1666.])]:[array([ 8463.,  8463., 37058., 15278.])]:
[array([191.,   0.,   0.,   0.])]:[array([101263., 227854.,  17558., 411056.])]:[array([ 4846., 12768.,  3881., 28236.])]:[array([ 2629., 25676.,  2096.,  7140.])]:[array([ 447., 2825.,  934., 2853.])]:[array([   970.,  38678.,   6478., 124601.])]:[array([ 5202., 10193.,  3919., 19329.])]:[array([1098., 8192., 1666., 1357.])]:[array([ 8463., 37058., 15278., 61958.])]:
[array([  0.,   0.,   0., 184.])]:[array([227854.,  17558., 411056., 411056.])]:[array([12768.,  3881., 28236., 28236.])]:[array([25676.,  2096.,  7140.,  7140.])]:[array([2825.,  934., 2853., 2853.])]:[array([ 38678.,   6478., 124601., 124601.])]:[array([10193.,  3919., 19329., 19329.])]:[array([8192., 1666., 1357., 1357.])]:[array([37058., 15278., 61958., 61958.])]:
[array([  0.,   0., 184.,   0.])]:[array([ 17558., 411056., 411056., 232073.])]:[array([ 3881., 28236., 28236.,  8782.])]:[array([ 2096.,  7140.,  7140., 17333.])]:[array([ 934., 2853., 2853., 1479.])]:[array([  6478., 124601., 124601.,  20710.])]:[array([ 3919., 19329., 19329., 20268.])]:[array([1666., 1357., 1357., 4462.])]:[array([15278., 61958., 61958., 15690.])]:
[array([  0., 184.,   0., 202.])]:[array([411056., 411056., 232073., 232073.])]:[array([28236., 28236.,  8782.,  8782.])]:[array([ 7140.,  7140., 17333., 17333.])]:[array([2853., 2853., 1479., 1479.])]:[array([124601., 124601.,  20710.,  20710.])]:[array([19329., 19329., 20268., 20268.])]:[array([1357., 1357., 4462., 4462.])]:[array([61958., 61958., 15690., 15690.])]:
[array([184.,   0., 202.,   0.])]:[array([411056., 232073., 232073., 505520.])]:[array([28236.,  8782.,  8782.,  5380.])]:[array([ 7140., 17333., 17333.,  1340.])]:[array([2853., 1479., 1479.,  338.])]:[array([124601.,  20710.,  20710.,   4789.])]:[array([19329., 20268., 20268.,  2661.])]:[array([1357., 4462., 4462.,  618.])]:[array([61958., 15690., 15690., 24891.])]:
[array([  0., 202.,   0., 191.])]:[array([232073., 232073., 505520., 505520.])]:[array([8782., 8782., 5380., 5380.])]:[array([17333., 17333.,  1340.,  1340.])]:[array([1479., 1479.,  338.,  338.])]:[array([20710., 20710.,  4789.,  4789.])]:[array([20268., 20268.,  2661.,  2661.])]:[array([4462., 4462.,  618.,  618.])]:[array([15690., 15690., 24891., 24891.])]:
[array([202.,   0., 191.,   0.])]:[array([232073., 505520., 505520., 318503.])]:[array([ 8782.,  5380.,  5380., 18657.])]:[array([17333.,  1340.,  1340., 45700.])]:[array([1479.,  338.,  338., 2137.])]:[array([20710.,  4789.,  4789., 92998.])]:[array([20268.,  2661.,  2661., 11393.])]:[array([4462.,  618.,  618., 9226.])]:[array([15690., 24891., 24891., 52853.])]:
[array([  0., 191.,   0., 219.])]:[array([505520., 505520., 318503., 318503.])]:[array([ 5380.,  5380., 18657., 18657.])]:[array([ 1340.,  1340., 45700., 45700.])]:[array([ 338.,  338., 2137., 2137.])]:[array([ 4789.,  4789., 92998., 92998.])]:[array([ 2661.,  2661., 11393., 11393.])]:[array([ 618.,  618., 9226., 9226.])]:[array([24891., 24891., 52853., 52853.])]:
[array([191.,   0., 219.,   0.])]:[array([505520., 318503., 318503., 363498.])]:[array([ 5380., 18657., 18657., 27984.])]:[array([ 1340., 45700., 45700., 58509.])]:[array([  338.,  2137.,  2137., 28275.])]:[array([ 4789., 92998., 92998.,  1457.])]:[array([ 2661., 11393., 11393., 80248.])]:[array([  618.,  9226.,  9226., 80859.])]:[array([24891., 52853., 52853., 16234.])]:
[array([  0., 219.,   0., 202.])]:[array([318503., 318503., 363498., 363498.])]:[array([18657., 18657., 27984., 27984.])]:[array([45700., 45700., 58509., 58509.])]:[array([ 2137.,  2137., 28275., 28275.])]:[array([92998., 92998.,  1457.,  1457.])]:[array([11393., 11393., 80248., 80248.])]:[array([ 9226.,  9226., 80859., 80859.])]:[array([52853., 52853., 16234., 16234.])]:
[array([219.,   0., 202., 201.])]:[array([318503., 363498., 363498., 363498.])]:[array([18657., 27984., 27984., 27984.])]:[array([45700., 58509., 58509., 58509.])]:[array([ 2137., 28275., 28275., 28275.])]:[array([92998.,  1457.,  1457.,  1457.])]:[array([11393., 80248., 80248., 80248.])]:[array([ 9226., 80859., 80859., 80859.])]:[array([52853., 16234., 16234., 16234.])]:
[array([  0., 202., 201.,   0.])]:[array([363498., 363498., 363498., 276140.])]:[array([ 27984.,  27984.,  27984., 107217.])]:[array([58509., 58509., 58509., 28622.])]:[array([28275., 28275., 28275.,  2879.])]:[array([ 1457.,  1457.,  1457., 47462.])]:[array([80248., 80248., 80248., 57777.])]:[array([80859., 80859., 80859.,  8184.])]:[array([ 16234.,  16234.,  16234., 365820.])]:
[array([202., 201.,   0.,   0.])]:[array([363498., 363498., 276140.,   7534.])]:[array([ 27984.,  27984., 107217.,   7477.])]:[array([58509., 58509., 28622.,  4813.])]:[array([28275., 28275.,  2879.,  2339.])]:[array([ 1457.,  1457., 47462., 11299.])]:[array([80248., 80248., 57777.,  5751.])]:[array([80859., 80859.,  8184.,  4335.])]:[array([ 16234.,  16234., 365820.,  23054.])]:
