[array([0., 0., 0., 0.])]:[array([4.30000e+01, 5.97799e+05, 2.26590e+05, 6.56570e+05])]:[array([     0.,  29725.,  16403., 102160.])]:[array([1.0000e+00, 1.1226e+04, 1.5395e+04, 5.8097e+04])]:[array([1.0000e+00, 1.0549e+04, 1.8880e+03, 1.4136e+04])]:[array([     0.,  40370.,  20817., 104131.])]:[array([    0., 13866., 17244., 81540.])]:[array([    0.,  5771.,  5205., 21059.])]:[array([1.00000e+00, 7.95270e+04, 2.34369e+05, 7.14930e+04])]:
[array([  0.,   0.,   0., 187.])]:[array([597799., 226590., 656570., 656570.])]:[array([ 29725.,  16403., 102160., 102160.])]:[array([11226., 15395., 58097., 58097.])]:[array([10549.,  1888., 14136., 14136.])]:[array([ 40370.,  20817., 104131., 104131.])]:[array([13866., 17244., 81540., 81540.])]:[array([ 5771.,  5205., 21059., 21059.])]:[array([ 79527., 234369.,  71493.,  71493.])]:
[array([  0.,   0., 187., 160.])]:[array([226590., 656570., 656570., 656570.])]:[array([ 16403., 102160., 102160., 102160.])]:[array([15395., 58097., 58097., 58097.])]:[array([ 1888., 14136., 14136., 14136.])]:[array([ 20817., 104131., 104131., 104131.])]:[array([17244., 81540., 81540., 81540.])]:[array([ 5205., 21059., 21059., 21059.])]:[array([234369.,  71493.,  71493.,  71493.])]:
[array([  0., 187., 160.,   0.])]:[array([656570., 656570., 656570., 478701.])]:[array([102160., 102160., 102160.,   7349.])]:[array([58097., 58097., 58097.,  3309.])]:[array([14136., 14136., 14136.,   293.])]:[array([104131., 104131., 104131.,  10342.])]:[array([81540., 81540., 81540.,  2993.])]:[array([21059., 21059., 21059.,   560.])]:[array([71493., 71493., 71493., 13639.])]:
[array([187., 160.,   0.,   0.])]:[array([656570., 656570., 478701.,  14920.])]:[array([102160., 102160.,   7349.,   1696.])]:[array([58097., 58097.,  3309.,  7245.])]:[array([14136., 14136.,   293.,  3126.])]:[array([104131., 104131.,  10342.,   4883.])]:[array([81540., 81540.,  2993., 15820.])]:[array([21059., 21059.,   560.,  3533.])]:[array([71493., 71493., 13639., 31024.])]:
[array([160.,   0.,   0.,   0.])]:[array([656570., 478701.,  14920.,  34002.])]:[array([102160.,   7349.,   1696.,   6582.])]:[array([58097.,  3309.,  7245., 10981.])]:[array([14136.,   293.,  3126.,  1766.])]:[array([104131.,  10342.,   4883.,   2674.])]:[array([81540.,  2993., 15820., 13965.])]:[array([21059.,   560.,  3533.,  2585.])]:[array([71493., 13639., 31024., 16768.])]:
[array([0., 0., 0., 0.])]:[array([478701.,  14920.,  34002.,  10134.])]:[array([ 7349.,  1696.,  6582., 11724.])]:[array([ 3309.,  7245., 10981.,  8305.])]:[array([ 293., 3126., 1766., 1046.])]:[array([10342.,  4883.,  2674.,  6394.])]:[array([ 2993., 15820., 13965.,  8772.])]:[array([ 560., 3533., 2585., 3813.])]:[array([13639., 31024., 16768., 29414.])]:
[array([  0.,   0.,   0., 159.])]:[array([14920., 34002., 10134., 10134.])]:[array([ 1696.,  6582., 11724., 11724.])]:[array([ 7245., 10981.,  8305.,  8305.])]:[array([3126., 1766., 1046., 1046.])]:[array([4883., 2674., 6394., 6394.])]:[array([15820., 13965.,  8772.,  8772.])]:[array([3533., 2585., 3813., 3813.])]:[array([31024., 16768., 29414., 29414.])]:
[array([  0.,   0., 159., 197.])]:[array([34002., 10134., 10134., 10134.])]:[array([ 6582., 11724., 11724., 11724.])]:[array([10981.,  8305.,  8305.,  8305.])]:[array([1766., 1046., 1046., 1046.])]:[array([2674., 6394., 6394., 6394.])]:[array([13965.,  8772.,  8772.,  8772.])]:[array([2585., 3813., 3813., 3813.])]:[array([16768., 29414., 29414., 29414.])]:
[array([  0., 159., 197.,   0.])]:[array([ 10134.,  10134.,  10134., 636906.])]:[array([11724., 11724., 11724., 45212.])]:[array([ 8305.,  8305.,  8305., 21170.])]:[array([1046., 1046., 1046., 2590.])]:[array([ 6394.,  6394.,  6394., 29291.])]:[array([ 8772.,  8772.,  8772., 21717.])]:[array([3813., 3813., 3813., 3732.])]:[array([ 29414.,  29414.,  29414., 215153.])]:
[array([159., 197.,   0.,   0.])]:[array([ 10134.,  10134., 636906., 297253.])]:[array([11724., 11724., 45212.,  9474.])]:[array([ 8305.,  8305., 21170.,  1510.])]:[array([1046., 1046., 2590.,  762.])]:[array([ 6394.,  6394., 29291.,  6681.])]:[array([ 8772.,  8772., 21717.,  1608.])]:[array([3813., 3813., 3732.,  160.])]:[array([ 29414.,  29414., 215153.,  32957.])]:
[array([197.,   0.,   0.,   0.])]:[array([ 10134., 636906., 297253., 118286.])]:[array([11724., 45212.,  9474., 11415.])]:[array([ 8305., 21170.,  1510., 13798.])]:[array([1046., 2590.,  762., 4414.])]:[array([ 6394., 29291.,  6681., 16539.])]:[array([ 8772., 21717.,  1608., 11748.])]:[array([ 3813.,  3732.,   160., 14021.])]:[array([ 29414., 215153.,  32957., 124795.])]:
[array([  0.,   0.,   0., 164.])]:[array([636906., 297253., 118286., 118286.])]:[array([45212.,  9474., 11415., 11415.])]:[array([21170.,  1510., 13798., 13798.])]:[array([2590.,  762., 4414., 4414.])]:[array([29291.,  6681., 16539., 16539.])]:[array([21717.,  1608., 11748., 11748.])]:[array([ 3732.,   160., 14021., 14021.])]:[array([215153.,  32957., 124795., 124795.])]:
[array([  0.,   0., 164.,   0.])]:[array([ 297253.,  118286.,  118286., 1077322.])]:[array([ 9474., 11415., 11415., 52483.])]:[array([ 1510., 13798., 13798., 31976.])]:[array([ 762., 4414., 4414., 2837.])]:[array([ 6681., 16539., 16539., 12142.])]:[array([ 1608., 11748., 11748., 15478.])]:[array([  160., 14021., 14021.,  2574.])]:[array([ 32957., 124795., 124795.,  90273.])]:
[array([  0., 164.,   0.,   0.])]:[array([ 118286.,  118286., 1077322.,  144194.])]:[array([11415., 11415., 52483., 61712.])]:[array([13798., 13798., 31976., 10655.])]:[array([4414., 4414., 2837., 2096.])]:[array([16539., 16539., 12142., 12459.])]:[array([11748., 11748., 15478., 23429.])]:[array([14021., 14021.,  2574.,  3489.])]:[array([124795., 124795.,  90273., 110529.])]:
[array([164.,   0.,   0., 227.])]:[array([ 118286., 1077322.,  144194.,  144194.])]:[array([11415., 52483., 61712., 61712.])]:[array([13798., 31976., 10655., 10655.])]:[array([4414., 2837., 2096., 2096.])]:[array([16539., 12142., 12459., 12459.])]:[array([11748., 15478., 23429., 23429.])]:[array([14021.,  2574.,  3489.,  3489.])]:[array([124795.,  90273., 110529., 110529.])]:
[array([  0.,   0., 227.,   0.])]:[array([1077322.,  144194.,  144194.,  655595.])]:[array([52483., 61712., 61712.,  6733.])]:[array([31976., 10655., 10655.,  6973.])]:[array([2837., 2096., 2096., 4908.])]:[array([12142., 12459., 12459., 12390.])]:[array([15478., 23429., 23429.,  7978.])]:[array([2574., 3489., 3489., 3907.])]:[array([ 90273., 110529., 110529.,  38844.])]:
[array([  0., 227.,   0.,   0.])]:[array([144194., 144194., 655595., 436327.])]:[array([61712., 61712.,  6733., 31632.])]:[array([10655., 10655.,  6973.,  9846.])]:[array([2096., 2096., 4908., 2747.])]:[array([12459., 12459., 12390.,  6394.])]:[array([23429., 23429.,  7978., 17681.])]:[array([3489., 3489., 3907., 8174.])]:[array([110529., 110529.,  38844.,  59886.])]:
[array([227.,   0.,   0., 154.])]:[array([144194., 655595., 436327., 436327.])]:[array([61712.,  6733., 31632., 31632.])]:[array([10655.,  6973.,  9846.,  9846.])]:[array([2096., 4908., 2747., 2747.])]:[array([12459., 12390.,  6394.,  6394.])]:[array([23429.,  7978., 17681., 17681.])]:[array([3489., 3907., 8174., 8174.])]:[array([110529.,  38844.,  59886.,  59886.])]:
[array([  0.,   0., 154., 158.])]:[array([655595., 436327., 436327., 436327.])]:[array([ 6733., 31632., 31632., 31632.])]:[array([6973., 9846., 9846., 9846.])]:[array([4908., 2747., 2747., 2747.])]:[array([12390.,  6394.,  6394.,  6394.])]:[array([ 7978., 17681., 17681., 17681.])]:[array([3907., 8174., 8174., 8174.])]:[array([38844., 59886., 59886., 59886.])]:
[array([  0., 154., 158.,   0.])]:[array([ 436327.,  436327.,  436327., 1417897.])]:[array([31632., 31632., 31632., 72425.])]:[array([ 9846.,  9846.,  9846., 65223.])]:[array([2747., 2747., 2747., 7365.])]:[array([ 6394.,  6394.,  6394., 45916.])]:[array([17681., 17681., 17681., 18589.])]:[array([ 8174.,  8174.,  8174., 14125.])]:[array([ 59886.,  59886.,  59886., 446563.])]:
[array([154., 158.,   0.,   0.])]:[array([ 436327.,  436327., 1417897.,  297802.])]:[array([31632., 31632., 72425.,  9507.])]:[array([ 9846.,  9846., 65223.,  5824.])]:[array([2747., 2747., 7365.,  339.])]:[array([ 6394.,  6394., 45916., 24982.])]:[array([17681., 17681., 18589.,  8630.])]:[array([ 8174.,  8174., 14125.,   640.])]:[array([ 59886.,  59886., 446563.,  29911.])]:
[array([158.,   0.,   0.,   0.])]:[array([ 436327., 1417897.,  297802.,   82702.])]:[array([31632., 72425.,  9507., 20617.])]:[array([ 9846., 65223.,  5824.,  9320.])]:[array([2747., 7365.,  339., 2896.])]:[array([ 6394., 45916., 24982.,  3464.])]:[array([17681., 18589.,  8630., 26747.])]:[array([ 8174., 14125.,   640.,  8496.])]:[array([ 59886., 446563.,  29911.,   8618.])]:
[array([  0.,   0.,   0., 157.])]:[array([1417897.,  297802.,   82702.,   82702.])]:[array([72425.,  9507., 20617., 20617.])]:[array([65223.,  5824.,  9320.,  9320.])]:[array([7365.,  339., 2896., 2896.])]:[array([45916., 24982.,  3464.,  3464.])]:[array([18589.,  8630., 26747., 26747.])]:[array([14125.,   640.,  8496.,  8496.])]:[array([446563.,  29911.,   8618.,   8618.])]:
[array([  0.,   0., 157., 147.])]:[array([297802.,  82702.,  82702.,  82702.])]:[array([ 9507., 20617., 20617., 20617.])]:[array([5824., 9320., 9320., 9320.])]:[array([ 339., 2896., 2896., 2896.])]:[array([24982.,  3464.,  3464.,  3464.])]:[array([ 8630., 26747., 26747., 26747.])]:[array([ 640., 8496., 8496., 8496.])]:[array([29911.,  8618.,  8618.,  8618.])]:
[array([  0., 157., 147.,   0.])]:[array([ 82702.,  82702.,  82702., 707076.])]:[array([20617., 20617., 20617., 65753.])]:[array([ 9320.,  9320.,  9320., 32961.])]:[array([2896., 2896., 2896., 6961.])]:[array([ 3464.,  3464.,  3464., 65375.])]:[array([26747., 26747., 26747., 75957.])]:[array([ 8496.,  8496.,  8496., 17218.])]:[array([  8618.,   8618.,   8618., 341005.])]:
[array([157., 147.,   0., 198.])]:[array([ 82702.,  82702., 707076., 707076.])]:[array([20617., 20617., 65753., 65753.])]:[array([ 9320.,  9320., 32961., 32961.])]:[array([2896., 2896., 6961., 6961.])]:[array([ 3464.,  3464., 65375., 65375.])]:[array([26747., 26747., 75957., 75957.])]:[array([ 8496.,  8496., 17218., 17218.])]:[array([  8618.,   8618., 341005., 341005.])]:
[array([147.,   0., 198., 148.])]:[array([ 82702., 707076., 707076., 707076.])]:[array([20617., 65753., 65753., 65753.])]:[array([ 9320., 32961., 32961., 32961.])]:[array([2896., 6961., 6961., 6961.])]:[array([ 3464., 65375., 65375., 65375.])]:[array([26747., 75957., 75957., 75957.])]:[array([ 8496., 17218., 17218., 17218.])]:[array([  8618., 341005., 341005., 341005.])]:
[array([  0., 198., 148.,   0.])]:[array([707076., 707076., 707076., 412826.])]:[array([65753., 65753., 65753.,  2365.])]:[array([32961., 32961., 32961.,  1540.])]:[array([6961., 6961., 6961.,  443.])]:[array([65375., 65375., 65375.,  7111.])]:[array([75957., 75957., 75957.,  2306.])]:[array([17218., 17218., 17218.,  1069.])]:[array([341005., 341005., 341005.,  21074.])]:
[array([198., 148.,   0.,   0.])]:[array([707076., 707076., 412826.,  98943.])]:[array([65753., 65753.,  2365.,  2239.])]:[array([32961., 32961.,  1540.,  1940.])]:[array([6961., 6961.,  443.,  916.])]:[array([65375., 65375.,  7111.,  7541.])]:[array([75957., 75957.,  2306.,  1465.])]:[array([17218., 17218.,  1069.,  2468.])]:[array([341005., 341005.,  21074.,   5951.])]:
[array([148.,   0.,   0., 198.])]:[array([707076., 412826.,  98943.,  98943.])]:[array([65753.,  2365.,  2239.,  2239.])]:[array([32961.,  1540.,  1940.,  1940.])]:[array([6961.,  443.,  916.,  916.])]:[array([65375.,  7111.,  7541.,  7541.])]:[array([75957.,  2306.,  1465.,  1465.])]:[array([17218.,  1069.,  2468.,  2468.])]:[array([341005.,  21074.,   5951.,   5951.])]:
[array([  0.,   0., 198.,   0.])]:[array([ 412826.,   98943.,   98943., 1788686.])]:[array([ 2365.,  2239.,  2239., 91255.])]:[array([  1540.,   1940.,   1940., 193242.])]:[array([   443.,    916.,    916., 201967.])]:[array([ 7111.,  7541.,  7541., 87431.])]:[array([  2306.,   1465.,   1465., 330482.])]:[array([  1069.,   2468.,   2468., 160732.])]:[array([ 21074.,   5951.,   5951., 659552.])]:
[array([  0., 198.,   0.,  42.])]:[array([  98943.,   98943., 1788686., 1788686.])]:[array([ 2239.,  2239., 91255., 91255.])]:[array([  1940.,   1940., 193242., 193242.])]:[array([   916.,    916., 201967., 201967.])]:[array([ 7541.,  7541., 87431., 87431.])]:[array([  1465.,   1465., 330482., 330482.])]:[array([  2468.,   2468., 160732., 160732.])]:[array([  5951.,   5951., 659552., 659552.])]:
[array([198.,   0.,  42.,   0.])]:[array([  98943., 1788686., 1788686., 1864502.])]:[array([ 2239., 91255., 91255., 12673.])]:[array([  1940., 193242., 193242.,  12974.])]:[array([   916., 201967., 201967.,   2988.])]:[array([ 7541., 87431., 87431., 17511.])]:[array([  1465., 330482., 330482.,  22202.])]:[array([  2468., 160732., 160732.,   6530.])]:[array([  5951., 659552., 659552.,  64053.])]:
[array([ 0., 42.,  0.,  0.])]:[array([1788686., 1788686., 1864502.,   12956.])]:[array([91255., 91255., 12673., 11117.])]:[array([193242., 193242.,  12974.,  13969.])]:[array([201967., 201967.,   2988.,   1162.])]:[array([87431., 87431., 17511., 21766.])]:[array([330482., 330482.,  22202.,  11366.])]:[array([160732., 160732.,   6530.,   4336.])]:[array([659552., 659552.,  64053.,  24472.])]:
[array([ 42.,   0.,   0., 190.])]:[array([1788686., 1864502.,   12956.,   12956.])]:[array([91255., 12673., 11117., 11117.])]:[array([193242.,  12974.,  13969.,  13969.])]:[array([201967.,   2988.,   1162.,   1162.])]:[array([87431., 17511., 21766., 21766.])]:[array([330482.,  22202.,  11366.,  11366.])]:[array([160732.,   6530.,   4336.,   4336.])]:[array([659552.,  64053.,  24472.,  24472.])]:
[array([  0.,   0., 190.,   0.])]:[array([1864502.,   12956.,   12956.,  973330.])]:[array([12673., 11117., 11117., 57526.])]:[array([12974., 13969., 13969., 31756.])]:[array([2988., 1162., 1162., 2962.])]:[array([17511., 21766., 21766., 71269.])]:[array([22202., 11366., 11366., 29006.])]:[array([ 6530.,  4336.,  4336., 13052.])]:[array([ 64053.,  24472.,  24472., 232710.])]:
[array([  0., 190.,   0.,  85.])]:[array([ 12956.,  12956., 973330., 973330.])]:[array([11117., 11117., 57526., 57526.])]:[array([13969., 13969., 31756., 31756.])]:[array([1162., 1162., 2962., 2962.])]:[array([21766., 21766., 71269., 71269.])]:[array([11366., 11366., 29006., 29006.])]:[array([ 4336.,  4336., 13052., 13052.])]:[array([ 24472.,  24472., 232710., 232710.])]:
[array([190.,   0.,  85.,   0.])]:[array([  12956.,  973330.,  973330., 1911267.])]:[array([11117., 57526., 57526., 27579.])]:[array([13969., 31756., 31756.,  8738.])]:[array([1162., 2962., 2962., 1474.])]:[array([21766., 71269., 71269., 58425.])]:[array([11366., 29006., 29006., 14776.])]:[array([ 4336., 13052., 13052.,  5317.])]:[array([ 24472., 232710., 232710., 118622.])]:
[array([ 0., 85.,  0.,  0.])]:[array([ 973330.,  973330., 1911267.,   20790.])]:[array([57526., 57526., 27579.,  9764.])]:[array([31756., 31756.,  8738.,  6341.])]:[array([2962., 2962., 1474.,  620.])]:[array([71269., 71269., 58425., 30391.])]:[array([29006., 29006., 14776., 10111.])]:[array([13052., 13052.,  5317.,  1597.])]:[array([232710., 232710., 118622.,  25649.])]:
[array([85.,  0.,  0., 65.])]:[array([ 973330., 1911267.,   20790.,   20790.])]:[array([57526., 27579.,  9764.,  9764.])]:[array([31756.,  8738.,  6341.,  6341.])]:[array([2962., 1474.,  620.,  620.])]:[array([71269., 58425., 30391., 30391.])]:[array([29006., 14776., 10111., 10111.])]:[array([13052.,  5317.,  1597.,  1597.])]:[array([232710., 118622.,  25649.,  25649.])]:
[array([ 0.,  0., 65.,  0.])]:[array([1911267.,   20790.,   20790.,  185768.])]:[array([27579.,  9764.,  9764., 31824.])]:[array([ 8738.,  6341.,  6341., 14491.])]:[array([1474.,  620.,  620., 3947.])]:[array([58425., 30391., 30391., 19392.])]:[array([14776., 10111., 10111.,  6904.])]:[array([5317., 1597., 1597., 3893.])]:[array([118622.,  25649.,  25649., 195122.])]:
[array([ 0., 65.,  0., 48.])]:[array([ 20790.,  20790., 185768., 185768.])]:[array([ 9764.,  9764., 31824., 31824.])]:[array([ 6341.,  6341., 14491., 14491.])]:[array([ 620.,  620., 3947., 3947.])]:[array([30391., 30391., 19392., 19392.])]:[array([10111., 10111.,  6904.,  6904.])]:[array([1597., 1597., 3893., 3893.])]:[array([ 25649.,  25649., 195122., 195122.])]:
[array([65.,  0., 48.,  0.])]:[array([ 20790., 185768., 185768.,  41885.])]:[array([ 9764., 31824., 31824.,  1808.])]:[array([ 6341., 14491., 14491.,  1123.])]:[array([ 620., 3947., 3947.,  374.])]:[array([30391., 19392., 19392.,  4162.])]:[array([10111.,  6904.,  6904.,  1678.])]:[array([1597., 3893., 3893.,  302.])]:[array([ 25649., 195122., 195122.,  33913.])]:
[array([ 0., 48.,  0.,  0.])]:[array([185768., 185768.,  41885., 788195.])]:[array([31824., 31824.,  1808.,  4053.])]:[array([14491., 14491.,  1123.,   955.])]:[array([3947., 3947.,  374.,  197.])]:[array([19392., 19392.,  4162.,  5235.])]:[array([6904., 6904., 1678., 2724.])]:[array([3893., 3893.,  302.,  450.])]:[array([195122., 195122.,  33913.,  23436.])]:
[array([ 48.,   0.,   0., 135.])]:[array([185768.,  41885., 788195., 788195.])]:[array([31824.,  1808.,  4053.,  4053.])]:[array([14491.,  1123.,   955.,   955.])]:[array([3947.,  374.,  197.,  197.])]:[array([19392.,  4162.,  5235.,  5235.])]:[array([6904., 1678., 2724., 2724.])]:[array([3893.,  302.,  450.,  450.])]:[array([195122.,  33913.,  23436.,  23436.])]:
[array([  0.,   0., 135., 136.])]:[array([ 41885., 788195., 788195., 788195.])]:[array([1808., 4053., 4053., 4053.])]:[array([1123.,  955.,  955.,  955.])]:[array([374., 197., 197., 197.])]:[array([4162., 5235., 5235., 5235.])]:[array([1678., 2724., 2724., 2724.])]:[array([302., 450., 450., 450.])]:[array([33913., 23436., 23436., 23436.])]:
[array([  0., 135., 136.,   0.])]:[array([ 788195.,  788195.,  788195., 1941650.])]:[array([ 4053.,  4053.,  4053., 97859.])]:[array([  955.,   955.,   955., 93096.])]:[array([  197.,   197.,   197., 17327.])]:[array([  5235.,   5235.,   5235., 100919.])]:[array([ 2724.,  2724.,  2724., 75638.])]:[array([  450.,   450.,   450., 21099.])]:[array([ 23436.,  23436.,  23436., 445959.])]:
[array([135., 136.,   0.,   0.])]:[array([ 788195.,  788195., 1941650.,   14019.])]:[array([ 4053.,  4053., 97859.,  3508.])]:[array([  955.,   955., 93096.,  2351.])]:[array([  197.,   197., 17327.,   393.])]:[array([  5235.,   5235., 100919.,   1121.])]:[array([ 2724.,  2724., 75638.,  1528.])]:[array([  450.,   450., 21099.,   705.])]:[array([ 23436.,  23436., 445959.,   7340.])]:
[array([136.,   0.,   0.,   0.])]:[array([ 788195., 1941650.,   14019., 2301373.])]:[array([ 4053., 97859.,  3508., 15909.])]:[array([  955., 93096.,  2351.,  5315.])]:[array([  197., 17327.,   393.,  2108.])]:[array([  5235., 100919.,   1121.,   3470.])]:[array([ 2724., 75638.,  1528., 13258.])]:[array([  450., 21099.,   705.,  4409.])]:[array([ 23436., 445959.,   7340.,  48314.])]:
[array([0., 0., 0., 0.])]:[array([1941650.,   14019., 2301373., 1281187.])]:[array([97859.,  3508., 15909., 11056.])]:[array([93096.,  2351.,  5315.,  4156.])]:[array([17327.,   393.,  2108.,   233.])]:[array([100919.,   1121.,   3470.,  14198.])]:[array([75638.,  1528., 13258.,  8145.])]:[array([21099.,   705.,  4409.,  1109.])]:[array([445959.,   7340.,  48314., 294750.])]:
[array([  0.,   0.,   0., 103.])]:[array([  14019., 2301373., 1281187., 1281187.])]:[array([ 3508., 15909., 11056., 11056.])]:[array([2351., 5315., 4156., 4156.])]:[array([ 393., 2108.,  233.,  233.])]:[array([ 1121.,  3470., 14198., 14198.])]:[array([ 1528., 13258.,  8145.,  8145.])]:[array([ 705., 4409., 1109., 1109.])]:[array([  7340.,  48314., 294750., 294750.])]:
[array([  0.,   0., 103.,   0.])]:[array([2301373., 1281187., 1281187., 1229958.])]:[array([15909., 11056., 11056., 10013.])]:[array([5315., 4156., 4156., 2934.])]:[array([2108.,  233.,  233.,  914.])]:[array([ 3470., 14198., 14198., 31708.])]:[array([13258.,  8145.,  8145.,  8088.])]:[array([4409., 1109., 1109., 2859.])]:[array([ 48314., 294750., 294750.,  22421.])]:
[array([  0., 103.,   0.,   0.])]:[array([1281187., 1281187., 1229958., 2092613.])]:[array([11056., 11056., 10013.,  5131.])]:[array([ 4156.,  4156.,  2934., 11142.])]:[array([ 233.,  233.,  914., 2113.])]:[array([14198., 14198., 31708., 33150.])]:[array([ 8145.,  8145.,  8088., 13970.])]:[array([1109., 1109., 2859., 4921.])]:[array([294750., 294750.,  22421.,  73375.])]:
[array([103.,   0.,   0., 192.])]:[array([1281187., 1229958., 2092613., 2092613.])]:[array([11056., 10013.,  5131.,  5131.])]:[array([ 4156.,  2934., 11142., 11142.])]:[array([ 233.,  914., 2113., 2113.])]:[array([14198., 31708., 33150., 33150.])]:[array([ 8145.,  8088., 13970., 13970.])]:[array([1109., 2859., 4921., 4921.])]:[array([294750.,  22421.,  73375.,  73375.])]:
[array([  0.,   0., 192., 204.])]:[array([1229958., 2092613., 2092613., 2092613.])]:[array([10013.,  5131.,  5131.,  5131.])]:[array([ 2934., 11142., 11142., 11142.])]:[array([ 914., 2113., 2113., 2113.])]:[array([31708., 33150., 33150., 33150.])]:[array([ 8088., 13970., 13970., 13970.])]:[array([2859., 4921., 4921., 4921.])]:[array([22421., 73375., 73375., 73375.])]:
[array([  0., 192., 204.,   0.])]:[array([2092613., 2092613., 2092613.,  457450.])]:[array([5131., 5131., 5131., 5899.])]:[array([11142., 11142., 11142.,  1335.])]:[array([2113., 2113., 2113.,  178.])]:[array([33150., 33150., 33150.,  5504.])]:[array([13970., 13970., 13970.,  1997.])]:[array([4921., 4921., 4921.,  545.])]:[array([73375., 73375., 73375., 22763.])]:
[array([192., 204.,   0., 222.])]:[array([2092613., 2092613.,  457450.,  457450.])]:[array([5131., 5131., 5899., 5899.])]:[array([11142., 11142.,  1335.,  1335.])]:[array([2113., 2113.,  178.,  178.])]:[array([33150., 33150.,  5504.,  5504.])]:[array([13970., 13970.,  1997.,  1997.])]:[array([4921., 4921.,  545.,  545.])]:[array([73375., 73375., 22763., 22763.])]:
[array([204.,   0., 222.,   0.])]:[array([2092613.,  457450.,  457450.,  360590.])]:[array([ 5131.,  5899.,  5899., 97242.])]:[array([11142.,  1335.,  1335., 50064.])]:[array([2113.,  178.,  178., 4683.])]:[array([33150.,  5504.,  5504., 93973.])]:[array([13970.,  1997.,  1997., 93635.])]:[array([ 4921.,   545.,   545., 15110.])]:[array([ 73375.,  22763.,  22763., 133038.])]:
[array([  0., 222.,   0., 195.])]:[array([457450., 457450., 360590., 360590.])]:[array([ 5899.,  5899., 97242., 97242.])]:[array([ 1335.,  1335., 50064., 50064.])]:[array([ 178.,  178., 4683., 4683.])]:[array([ 5504.,  5504., 93973., 93973.])]:[array([ 1997.,  1997., 93635., 93635.])]:[array([  545.,   545., 15110., 15110.])]:[array([ 22763.,  22763., 133038., 133038.])]:
[array([222.,   0., 195.,   0.])]:[array([457450., 360590., 360590., 858544.])]:[array([ 5899., 97242., 97242., 10123.])]:[array([ 1335., 50064., 50064.,  3132.])]:[array([ 178., 4683., 4683.,  593.])]:[array([ 5504., 93973., 93973.,  5751.])]:[array([ 1997., 93635., 93635.,  4253.])]:[array([  545., 15110., 15110.,  1452.])]:[array([ 22763., 133038., 133038.,  41030.])]:
[array([  0., 195.,   0.,   0.])]:[array([360590., 360590., 858544.,  14672.])]:[array([97242., 97242., 10123.,  5389.])]:[array([50064., 50064.,  3132.,  5517.])]:[array([4683., 4683.,  593., 1244.])]:[array([93973., 93973.,  5751., 15116.])]:[array([93635., 93635.,  4253., 13895.])]:[array([15110., 15110.,  1452.,  2388.])]:[array([133038., 133038.,  41030.,  13325.])]:
[array([195.,   0.,   0., 213.])]:[array([360590., 858544.,  14672.,  14672.])]:[array([97242., 10123.,  5389.,  5389.])]:[array([50064.,  3132.,  5517.,  5517.])]:[array([4683.,  593., 1244., 1244.])]:[array([93973.,  5751., 15116., 15116.])]:[array([93635.,  4253., 13895., 13895.])]:[array([15110.,  1452.,  2388.,  2388.])]:[array([133038.,  41030.,  13325.,  13325.])]:
[array([  0.,   0., 213.,   0.])]:[array([858544.,  14672.,  14672., 915818.])]:[array([10123.,  5389.,  5389., 64128.])]:[array([ 3132.,  5517.,  5517., 30458.])]:[array([ 593., 1244., 1244., 3129.])]:[array([ 5751., 15116., 15116., 13021.])]:[array([ 4253., 13895., 13895.,  7188.])]:[array([1452., 2388., 2388., 7709.])]:[array([ 41030.,  13325.,  13325., 539426.])]:
[array([  0., 213.,   0., 176.])]:[array([ 14672.,  14672., 915818., 915818.])]:[array([ 5389.,  5389., 64128., 64128.])]:[array([ 5517.,  5517., 30458., 30458.])]:[array([1244., 1244., 3129., 3129.])]:[array([15116., 15116., 13021., 13021.])]:[array([13895., 13895.,  7188.,  7188.])]:[array([2388., 2388., 7709., 7709.])]:[array([ 13325.,  13325., 539426., 539426.])]:
[array([213.,   0., 176.,   0.])]:[array([  14672.,  915818.,  915818., 1604856.])]:[array([ 5389., 64128., 64128., 45849.])]:[array([ 5517., 30458., 30458., 15151.])]:[array([1244., 3129., 3129., 5642.])]:[array([ 15116.,  13021.,  13021., 148865.])]:[array([13895.,  7188.,  7188., 15654.])]:[array([2388., 7709., 7709., 8018.])]:[array([ 13325., 539426., 539426., 184900.])]:
[array([  0., 176.,   0., 126.])]:[array([ 915818.,  915818., 1604856., 1604856.])]:[array([64128., 64128., 45849., 45849.])]:[array([30458., 30458., 15151., 15151.])]:[array([3129., 3129., 5642., 5642.])]:[array([ 13021.,  13021., 148865., 148865.])]:[array([ 7188.,  7188., 15654., 15654.])]:[array([7709., 7709., 8018., 8018.])]:[array([539426., 539426., 184900., 184900.])]:
[array([176.,   0., 126.,   0.])]:[array([ 915818., 1604856., 1604856.,  372415.])]:[array([64128., 45849., 45849., 21516.])]:[array([30458., 15151., 15151.,  4581.])]:[array([3129., 5642., 5642., 1484.])]:[array([ 13021., 148865., 148865.,  14618.])]:[array([ 7188., 15654., 15654.,  6108.])]:[array([7709., 8018., 8018., 2904.])]:[array([539426., 184900., 184900., 186358.])]:
[array([  0., 126.,   0.,   0.])]:[array([1604856., 1604856.,  372415.,   19109.])]:[array([45849., 45849., 21516.,  1387.])]:[array([15151., 15151.,  4581.,  8197.])]:[array([5642., 5642., 1484., 1620.])]:[array([148865., 148865.,  14618.,  17715.])]:[array([15654., 15654.,  6108., 11175.])]:[array([8018., 8018., 2904., 3444.])]:[array([184900., 184900., 186358.,  24522.])]:
[array([126.,   0.,   0., 183.])]:[array([1604856.,  372415.,   19109.,   19109.])]:[array([45849., 21516.,  1387.,  1387.])]:[array([15151.,  4581.,  8197.,  8197.])]:[array([5642., 1484., 1620., 1620.])]:[array([148865.,  14618.,  17715.,  17715.])]:[array([15654.,  6108., 11175., 11175.])]:[array([8018., 2904., 3444., 3444.])]:[array([184900., 186358.,  24522.,  24522.])]:
[array([  0.,   0., 183., 138.])]:[array([372415.,  19109.,  19109.,  19109.])]:[array([21516.,  1387.,  1387.,  1387.])]:[array([4581., 8197., 8197., 8197.])]:[array([1484., 1620., 1620., 1620.])]:[array([14618., 17715., 17715., 17715.])]:[array([ 6108., 11175., 11175., 11175.])]:[array([2904., 3444., 3444., 3444.])]:[array([186358.,  24522.,  24522.,  24522.])]:
[array([  0., 183., 138.,   0.])]:[array([ 19109.,  19109.,  19109., 862246.])]:[array([ 1387.,  1387.,  1387., 49741.])]:[array([ 8197.,  8197.,  8197., 25060.])]:[array([1620., 1620., 1620., 2976.])]:[array([ 17715.,  17715.,  17715., 266716.])]:[array([11175., 11175., 11175., 16467.])]:[array([ 3444.,  3444.,  3444., 36467.])]:[array([ 24522.,  24522.,  24522., 543884.])]:
[array([183., 138.,   0.,  98.])]:[array([ 19109.,  19109., 862246., 862246.])]:[array([ 1387.,  1387., 49741., 49741.])]:[array([ 8197.,  8197., 25060., 25060.])]:[array([1620., 1620., 2976., 2976.])]:[array([ 17715.,  17715., 266716., 266716.])]:[array([11175., 11175., 16467., 16467.])]:[array([ 3444.,  3444., 36467., 36467.])]:[array([ 24522.,  24522., 543884., 543884.])]:
[array([138.,   0.,  98.,   0.])]:[array([  19109.,  862246.,  862246., 1774442.])]:[array([ 1387., 49741., 49741., 65781.])]:[array([ 8197., 25060., 25060., 37427.])]:[array([ 1620.,  2976.,  2976., 15453.])]:[array([ 17715., 266716., 266716., 206324.])]:[array([11175., 16467., 16467., 63484.])]:[array([ 3444., 36467., 36467., 22726.])]:[array([ 24522., 543884., 543884., 185907.])]:
[array([ 0., 98.,  0.,  0.])]:[array([ 862246.,  862246., 1774442.,   23116.])]:[array([49741., 49741., 65781., 14173.])]:[array([25060., 25060., 37427., 19007.])]:[array([ 2976.,  2976., 15453.,  3359.])]:[array([266716., 266716., 206324.,   6943.])]:[array([16467., 16467., 63484.,  9939.])]:[array([36467., 36467., 22726.,  6120.])]:[array([543884., 543884., 185907., 110562.])]:
[array([ 98.,   0.,   0., 200.])]:[array([ 862246., 1774442.,   23116.,   23116.])]:[array([49741., 65781., 14173., 14173.])]:[array([25060., 37427., 19007., 19007.])]:[array([ 2976., 15453.,  3359.,  3359.])]:[array([266716., 206324.,   6943.,   6943.])]:[array([16467., 63484.,  9939.,  9939.])]:[array([36467., 22726.,  6120.,  6120.])]:[array([543884., 185907., 110562., 110562.])]:
[array([  0.,   0., 200.,   0.])]:[array([1774442.,   23116.,   23116.,  512050.])]:[array([65781., 14173., 14173., 92135.])]:[array([37427., 19007., 19007., 13920.])]:[array([15453.,  3359.,  3359.,  1349.])]:[array([206324.,   6943.,   6943.,  20456.])]:[array([63484.,  9939.,  9939., 27830.])]:[array([22726.,  6120.,  6120., 12319.])]:[array([185907., 110562., 110562., 203432.])]:
[array([  0., 200.,   0., 204.])]:[array([ 23116.,  23116., 512050., 512050.])]:[array([14173., 14173., 92135., 92135.])]:[array([19007., 19007., 13920., 13920.])]:[array([3359., 3359., 1349., 1349.])]:[array([ 6943.,  6943., 20456., 20456.])]:[array([ 9939.,  9939., 27830., 27830.])]:[array([ 6120.,  6120., 12319., 12319.])]:[array([110562., 110562., 203432., 203432.])]:
[array([200.,   0., 204., 216.])]:[array([ 23116., 512050., 512050., 512050.])]:[array([14173., 92135., 92135., 92135.])]:[array([19007., 13920., 13920., 13920.])]:[array([3359., 1349., 1349., 1349.])]:[array([ 6943., 20456., 20456., 20456.])]:[array([ 9939., 27830., 27830., 27830.])]:[array([ 6120., 12319., 12319., 12319.])]:[array([110562., 203432., 203432., 203432.])]:
[array([  0., 204., 216.,  88.])]:[array([512050., 512050., 512050., 512050.])]:[array([92135., 92135., 92135., 92135.])]:[array([13920., 13920., 13920., 13920.])]:[array([1349., 1349., 1349., 1349.])]:[array([20456., 20456., 20456., 20456.])]:[array([27830., 27830., 27830., 27830.])]:[array([12319., 12319., 12319., 12319.])]:[array([203432., 203432., 203432., 203432.])]:
[array([204., 216.,  88.,   0.])]:[array([512050., 512050., 512050., 668311.])]:[array([92135., 92135., 92135., 52493.])]:[array([13920., 13920., 13920., 34523.])]:[array([1349., 1349., 1349., 6385.])]:[array([20456., 20456., 20456., 17429.])]:[array([27830., 27830., 27830., 22635.])]:[array([12319., 12319., 12319.,  9761.])]:[array([203432., 203432., 203432., 488488.])]:
[array([216.,  88.,   0.,   0.])]:[array([512050., 512050., 668311.,  10655.])]:[array([92135., 92135., 52493., 25793.])]:[array([13920., 13920., 34523., 10269.])]:[array([1349., 1349., 6385., 1288.])]:[array([20456., 20456., 17429., 53015.])]:[array([27830., 27830., 22635., 12849.])]:[array([12319., 12319.,  9761.,  2782.])]:[array([203432., 203432., 488488.,  29542.])]:
[array([ 88.,   0.,   0., 190.])]:[array([512050., 668311.,  10655.,  10655.])]:[array([92135., 52493., 25793., 25793.])]:[array([13920., 34523., 10269., 10269.])]:[array([1349., 6385., 1288., 1288.])]:[array([20456., 17429., 53015., 53015.])]:[array([27830., 22635., 12849., 12849.])]:[array([12319.,  9761.,  2782.,  2782.])]:[array([203432., 488488.,  29542.,  29542.])]:
[array([  0.,   0., 190.,   0.])]:[array([668311.,  10655.,  10655., 262730.])]:[array([52493., 25793., 25793., 17753.])]:[array([34523., 10269., 10269., 29623.])]:[array([6385., 1288., 1288., 2965.])]:[array([17429., 53015., 53015., 25867.])]:[array([22635., 12849., 12849., 32955.])]:[array([ 9761.,  2782.,  2782., 12801.])]:[array([488488.,  29542.,  29542.,  33241.])]:
[array([  0., 190.,   0., 171.])]:[array([ 10655.,  10655., 262730., 262730.])]:[array([25793., 25793., 17753., 17753.])]:[array([10269., 10269., 29623., 29623.])]:[array([1288., 1288., 2965., 2965.])]:[array([53015., 53015., 25867., 25867.])]:[array([12849., 12849., 32955., 32955.])]:[array([ 2782.,  2782., 12801., 12801.])]:[array([29542., 29542., 33241., 33241.])]:
[array([190.,   0., 171.,   0.])]:[array([ 10655., 262730., 262730., 352275.])]:[array([25793., 17753., 17753.,  8415.])]:[array([10269., 29623., 29623.,  2382.])]:[array([1288., 2965., 2965.,  358.])]:[array([53015., 25867., 25867., 14394.])]:[array([12849., 32955., 32955.,  2318.])]:[array([ 2782., 12801., 12801.,   585.])]:[array([29542., 33241., 33241., 47141.])]:
[array([  0., 171.,   0.,  58.])]:[array([262730., 262730., 352275., 352275.])]:[array([17753., 17753.,  8415.,  8415.])]:[array([29623., 29623.,  2382.,  2382.])]:[array([2965., 2965.,  358.,  358.])]:[array([25867., 25867., 14394., 14394.])]:[array([32955., 32955.,  2318.,  2318.])]:[array([12801., 12801.,   585.,   585.])]:[array([33241., 33241., 47141., 47141.])]:
[array([171.,   0.,  58.,   0.])]:[array([262730., 352275., 352275., 345248.])]:[array([17753.,  8415.,  8415.,  8750.])]:[array([29623.,  2382.,  2382.,  3382.])]:[array([2965.,  358.,  358.,  411.])]:[array([25867., 14394., 14394.,  6223.])]:[array([32955.,  2318.,  2318.,   751.])]:[array([12801.,   585.,   585.,  3432.])]:[array([33241., 47141., 47141., 57307.])]:
[array([ 0., 58.,  0., 64.])]:[array([352275., 352275., 345248., 345248.])]:[array([8415., 8415., 8750., 8750.])]:[array([2382., 2382., 3382., 3382.])]:[array([358., 358., 411., 411.])]:[array([14394., 14394.,  6223.,  6223.])]:[array([2318., 2318.,  751.,  751.])]:[array([ 585.,  585., 3432., 3432.])]:[array([47141., 47141., 57307., 57307.])]:
[array([58.,  0., 64.,  0.])]:[array([352275., 345248., 345248., 292219.])]:[array([8415., 8750., 8750., 2249.])]:[array([2382., 3382., 3382., 5231.])]:[array([358., 411., 411., 472.])]:[array([14394.,  6223.,  6223.,  7744.])]:[array([2318.,  751.,  751., 3706.])]:[array([ 585., 3432., 3432., 1527.])]:[array([47141., 57307., 57307., 68339.])]:
[array([ 0., 64.,  0., 97.])]:[array([345248., 345248., 292219., 292219.])]:[array([8750., 8750., 2249., 2249.])]:[array([3382., 3382., 5231., 5231.])]:[array([411., 411., 472., 472.])]:[array([6223., 6223., 7744., 7744.])]:[array([ 751.,  751., 3706., 3706.])]:[array([3432., 3432., 1527., 1527.])]:[array([57307., 57307., 68339., 68339.])]:
[array([64.,  0., 97., 86.])]:[array([345248., 292219., 292219., 292219.])]:[array([8750., 2249., 2249., 2249.])]:[array([3382., 5231., 5231., 5231.])]:[array([411., 472., 472., 472.])]:[array([6223., 7744., 7744., 7744.])]:[array([ 751., 3706., 3706., 3706.])]:[array([3432., 1527., 1527., 1527.])]:[array([57307., 68339., 68339., 68339.])]:
[array([ 0., 97., 86.,  0.])]:[array([292219., 292219., 292219.,  48464.])]:[array([ 2249.,  2249.,  2249., 30028.])]:[array([5231., 5231., 5231., 7401.])]:[array([472., 472., 472., 999.])]:[array([ 7744.,  7744.,  7744., 13717.])]:[array([ 3706.,  3706.,  3706., 16229.])]:[array([1527., 1527., 1527., 2642.])]:[array([ 68339.,  68339.,  68339., 228837.])]:
[array([97., 86.,  0.,  0.])]:[array([292219., 292219.,  48464.,  13240.])]:[array([ 2249.,  2249., 30028.,  7990.])]:[array([5231., 5231., 7401., 3625.])]:[array([472., 472., 999., 830.])]:[array([ 7744.,  7744., 13717., 28272.])]:[array([ 3706.,  3706., 16229., 11565.])]:[array([1527., 1527., 2642., 2274.])]:[array([ 68339.,  68339., 228837.,   6928.])]:
[array([86.,  0.,  0.,  0.])]:[array([292219.,  48464.,  13240.,  16617.])]:[array([ 2249., 30028.,  7990.,  7361.])]:[array([5231., 7401., 3625., 8514.])]:[array([ 472.,  999.,  830., 1831.])]:[array([ 7744., 13717., 28272., 16021.])]:[array([ 3706., 16229., 11565.,  6837.])]:[array([1527., 2642., 2274., 4583.])]:[array([ 68339., 228837.,   6928.,  52461.])]:
[array([  0.,   0.,   0., 171.])]:[array([48464., 13240., 16617., 16617.])]:[array([30028.,  7990.,  7361.,  7361.])]:[array([7401., 3625., 8514., 8514.])]:[array([ 999.,  830., 1831., 1831.])]:[array([13717., 28272., 16021., 16021.])]:[array([16229., 11565.,  6837.,  6837.])]:[array([2642., 2274., 4583., 4583.])]:[array([228837.,   6928.,  52461.,  52461.])]:
[array([  0.,   0., 171.,   0.])]:[array([  13240.,   16617.,   16617., 1651295.])]:[array([  7990.,   7361.,   7361., 156487.])]:[array([ 3625.,  8514.,  8514., 47173.])]:[array([ 830., 1831., 1831., 8828.])]:[array([28272., 16021., 16021., 30320.])]:[array([11565.,  6837.,  6837., 47398.])]:[array([ 2274.,  4583.,  4583., 43851.])]:[array([  6928.,  52461.,  52461., 194000.])]:
[array([  0., 171.,   0.,   0.])]:[array([  16617.,   16617., 1651295.,  661543.])]:[array([  7361.,   7361., 156487., 107399.])]:[array([ 8514.,  8514., 47173.,  7685.])]:[array([1831., 1831., 8828., 2088.])]:[array([16021., 16021., 30320., 27294.])]:[array([ 6837.,  6837., 47398., 29771.])]:[array([ 4583.,  4583., 43851.,  6730.])]:[array([ 52461.,  52461., 194000., 118067.])]:
[array([171.,   0.,   0.,   0.])]:[array([  16617., 1651295.,  661543.,  499440.])]:[array([  7361., 156487., 107399.,  21861.])]:[array([ 8514., 47173.,  7685., 12526.])]:[array([1831., 8828., 2088., 5157.])]:[array([16021., 30320., 27294., 47270.])]:[array([ 6837., 47398., 29771., 21127.])]:[array([ 4583., 43851.,  6730.,  7933.])]:[array([ 52461., 194000., 118067.,  92490.])]:
[array([0., 0., 0., 0.])]:[array([1651295.,  661543.,  499440.,  212419.])]:[array([156487., 107399.,  21861.,  82337.])]:[array([47173.,  7685., 12526., 14069.])]:[array([8828., 2088., 5157., 4653.])]:[array([30320., 27294., 47270., 12824.])]:[array([47398., 29771., 21127., 27618.])]:[array([43851.,  6730.,  7933., 18544.])]:[array([194000., 118067.,  92490., 104111.])]:
[array([ 0.,  0.,  0., 48.])]:[array([661543., 499440., 212419., 212419.])]:[array([107399.,  21861.,  82337.,  82337.])]:[array([ 7685., 12526., 14069., 14069.])]:[array([2088., 5157., 4653., 4653.])]:[array([27294., 47270., 12824., 12824.])]:[array([29771., 21127., 27618., 27618.])]:[array([ 6730.,  7933., 18544., 18544.])]:[array([118067.,  92490., 104111., 104111.])]:
[array([ 0.,  0., 48.,  0.])]:[array([499440., 212419., 212419., 962061.])]:[array([21861., 82337., 82337., 56311.])]:[array([12526., 14069., 14069., 15463.])]:[array([5157., 4653., 4653., 7312.])]:[array([ 47270.,  12824.,  12824., 199147.])]:[array([21127., 27618., 27618., 78228.])]:[array([ 7933., 18544., 18544., 10937.])]:[array([  92490.,  104111.,  104111., 1227574.])]:
[array([ 0., 48.,  0., 59.])]:[array([212419., 212419., 962061., 962061.])]:[array([82337., 82337., 56311., 56311.])]:[array([14069., 14069., 15463., 15463.])]:[array([4653., 4653., 7312., 7312.])]:[array([ 12824.,  12824., 199147., 199147.])]:[array([27618., 27618., 78228., 78228.])]:[array([18544., 18544., 10937., 10937.])]:[array([ 104111.,  104111., 1227574., 1227574.])]:
[array([48.,  0., 59.,  0.])]:[array([ 212419.,  962061.,  962061., 2283037.])]:[array([82337., 56311., 56311., 29459.])]:[array([14069., 15463., 15463., 12960.])]:[array([4653., 7312., 7312., 2423.])]:[array([ 12824., 199147., 199147.,  43877.])]:[array([27618., 78228., 78228., 11265.])]:[array([18544., 10937., 10937.,  5206.])]:[array([ 104111., 1227574., 1227574.,  407429.])]:
[array([ 0., 59.,  0., 81.])]:[array([ 962061.,  962061., 2283037., 2283037.])]:[array([56311., 56311., 29459., 29459.])]:[array([15463., 15463., 12960., 12960.])]:[array([7312., 7312., 2423., 2423.])]:[array([199147., 199147.,  43877.,  43877.])]:[array([78228., 78228., 11265., 11265.])]:[array([10937., 10937.,  5206.,  5206.])]:[array([1227574., 1227574.,  407429.,  407429.])]:
[array([59.,  0., 81.,  0.])]:[array([ 962061., 2283037., 2283037., 2485669.])]:[array([ 56311.,  29459.,  29459., 178718.])]:[array([15463., 12960., 12960., 61638.])]:[array([ 7312.,  2423.,  2423., 12982.])]:[array([199147.,  43877.,  43877., 316464.])]:[array([ 78228.,  11265.,  11265., 159386.])]:[array([10937.,  5206.,  5206., 32232.])]:[array([1227574.,  407429.,  407429., 2009701.])]:
[array([  0.,  81.,   0., 211.])]:[array([2283037., 2283037., 2485669., 2485669.])]:[array([ 29459.,  29459., 178718., 178718.])]:[array([12960., 12960., 61638., 61638.])]:[array([ 2423.,  2423., 12982., 12982.])]:[array([ 43877.,  43877., 316464., 316464.])]:[array([ 11265.,  11265., 159386., 159386.])]:[array([ 5206.,  5206., 32232., 32232.])]:[array([ 407429.,  407429., 2009701., 2009701.])]:
[array([ 81.,   0., 211., 156.])]:[array([2283037., 2485669., 2485669., 2485669.])]:[array([ 29459., 178718., 178718., 178718.])]:[array([12960., 61638., 61638., 61638.])]:[array([ 2423., 12982., 12982., 12982.])]:[array([ 43877., 316464., 316464., 316464.])]:[array([ 11265., 159386., 159386., 159386.])]:[array([ 5206., 32232., 32232., 32232.])]:[array([ 407429., 2009701., 2009701., 2009701.])]:
[array([  0., 211., 156.,   0.])]:[array([2485669., 2485669., 2485669.,  155645.])]:[array([178718., 178718., 178718.,  16652.])]:[array([61638., 61638., 61638.,  5470.])]:[array([12982., 12982., 12982.,  1246.])]:[array([316464., 316464., 316464.,   4436.])]:[array([159386., 159386., 159386.,   7057.])]:[array([32232., 32232., 32232.,  1820.])]:[array([2009701., 2009701., 2009701.,  156176.])]:
[array([211., 156.,   0., 219.])]:[array([2485669., 2485669.,  155645.,  155645.])]:[array([178718., 178718.,  16652.,  16652.])]:[array([61638., 61638.,  5470.,  5470.])]:[array([12982., 12982.,  1246.,  1246.])]:[array([316464., 316464.,   4436.,   4436.])]:[array([159386., 159386.,   7057.,   7057.])]:[array([32232., 32232.,  1820.,  1820.])]:[array([2009701., 2009701.,  156176.,  156176.])]:
[array([156.,   0., 219., 145.])]:[array([2485669.,  155645.,  155645.,  155645.])]:[array([178718.,  16652.,  16652.,  16652.])]:[array([61638.,  5470.,  5470.,  5470.])]:[array([12982.,  1246.,  1246.,  1246.])]:[array([316464.,   4436.,   4436.,   4436.])]:[array([159386.,   7057.,   7057.,   7057.])]:[array([32232.,  1820.,  1820.,  1820.])]:[array([2009701.,  156176.,  156176.,  156176.])]:
[array([  0., 219., 145., 224.])]:[array([155645., 155645., 155645., 155645.])]:[array([16652., 16652., 16652., 16652.])]:[array([5470., 5470., 5470., 5470.])]:[array([1246., 1246., 1246., 1246.])]:[array([4436., 4436., 4436., 4436.])]:[array([7057., 7057., 7057., 7057.])]:[array([1820., 1820., 1820., 1820.])]:[array([156176., 156176., 156176., 156176.])]:
[array([219., 145., 224., 184.])]:[array([155645., 155645., 155645., 155645.])]:[array([16652., 16652., 16652., 16652.])]:[array([5470., 5470., 5470., 5470.])]:[array([1246., 1246., 1246., 1246.])]:[array([4436., 4436., 4436., 4436.])]:[array([7057., 7057., 7057., 7057.])]:[array([1820., 1820., 1820., 1820.])]:[array([156176., 156176., 156176., 156176.])]:
[array([145., 224., 184.,   0.])]:[array([155645., 155645., 155645., 959586.])]:[array([16652., 16652., 16652., 74904.])]:[array([ 5470.,  5470.,  5470., 14321.])]:[array([1246., 1246., 1246., 2051.])]:[array([4436., 4436., 4436., 1021.])]:[array([ 7057.,  7057.,  7057., 16424.])]:[array([1820., 1820., 1820., 8156.])]:[array([156176., 156176., 156176., 466135.])]:
[array([224., 184.,   0.,   0.])]:[array([155645., 155645., 959586.,  91186.])]:[array([16652., 16652., 74904., 12551.])]:[array([ 5470.,  5470., 14321.,  3168.])]:[array([1246., 1246., 2051., 1053.])]:[array([4436., 4436., 1021., 5101.])]:[array([ 7057.,  7057., 16424.,  3638.])]:[array([1820., 1820., 8156., 1795.])]:[array([156176., 156176., 466135.,  23304.])]:
[array([184.,   0.,   0., 185.])]:[array([155645., 959586.,  91186.,  91186.])]:[array([16652., 74904., 12551., 12551.])]:[array([ 5470., 14321.,  3168.,  3168.])]:[array([1246., 2051., 1053., 1053.])]:[array([4436., 1021., 5101., 5101.])]:[array([ 7057., 16424.,  3638.,  3638.])]:[array([1820., 8156., 1795., 1795.])]:[array([156176., 466135.,  23304.,  23304.])]:
[array([  0.,   0., 185., 208.])]:[array([959586.,  91186.,  91186.,  91186.])]:[array([74904., 12551., 12551., 12551.])]:[array([14321.,  3168.,  3168.,  3168.])]:[array([2051., 1053., 1053., 1053.])]:[array([1021., 5101., 5101., 5101.])]:[array([16424.,  3638.,  3638.,  3638.])]:[array([8156., 1795., 1795., 1795.])]:[array([466135.,  23304.,  23304.,  23304.])]:
[array([  0., 185., 208.,   0.])]:[array([  91186.,   91186.,   91186., 1109502.])]:[array([ 12551.,  12551.,  12551., 102477.])]:[array([ 3168.,  3168.,  3168., 15957.])]:[array([1053., 1053., 1053., 3634.])]:[array([ 5101.,  5101.,  5101., 68570.])]:[array([ 3638.,  3638.,  3638., 17453.])]:[array([1795., 1795., 1795., 5177.])]:[array([ 23304.,  23304.,  23304., 321944.])]:
[array([185., 208.,   0.,   0.])]:[array([  91186.,   91186., 1109502.,   75620.])]:[array([ 12551.,  12551., 102477.,  29890.])]:[array([ 3168.,  3168., 15957., 13133.])]:[array([1053., 1053., 3634., 3242.])]:[array([ 5101.,  5101., 68570.,  9806.])]:[array([ 3638.,  3638., 17453., 11748.])]:[array([1795., 1795., 5177., 3436.])]:[array([ 23304.,  23304., 321944.,  30500.])]:
[array([208.,   0.,   0.,   0.])]:[array([  91186., 1109502.,   75620.,  135064.])]:[array([ 12551., 102477.,  29890.,  21831.])]:[array([ 3168., 15957., 13133.,  5400.])]:[array([1053., 3634., 3242., 3573.])]:[array([ 5101., 68570.,  9806., 10865.])]:[array([ 3638., 17453., 11748., 10197.])]:[array([1795., 5177., 3436., 2561.])]:[array([ 23304., 321944.,  30500.,  50250.])]:
[array([0., 0., 0., 0.])]:[array([1109502.,   75620.,  135064.,   26690.])]:[array([102477.,  29890.,  21831.,  20141.])]:[array([15957., 13133.,  5400.,  4619.])]:[array([3634., 3242., 3573., 3665.])]:[array([68570.,  9806., 10865.,  5176.])]:[array([17453., 11748., 10197.,  8480.])]:[array([5177., 3436., 2561., 4898.])]:[array([321944.,  30500.,  50250.,  30635.])]:
[array([0., 0., 0., 0.])]:[array([ 75620., 135064.,  26690., 609294.])]:[array([29890., 21831., 20141.,  9354.])]:[array([13133.,  5400.,  4619.,  9298.])]:[array([3242., 3573., 3665., 2351.])]:[array([ 9806., 10865.,  5176., 25506.])]:[array([11748., 10197.,  8480.,  6382.])]:[array([3436., 2561., 4898., 3635.])]:[array([ 30500.,  50250.,  30635., 523351.])]:
[array([ 0.,  0.,  0., 89.])]:[array([135064.,  26690., 609294., 609294.])]:[array([21831., 20141.,  9354.,  9354.])]:[array([5400., 4619., 9298., 9298.])]:[array([3573., 3665., 2351., 2351.])]:[array([10865.,  5176., 25506., 25506.])]:[array([10197.,  8480.,  6382.,  6382.])]:[array([2561., 4898., 3635., 3635.])]:[array([ 50250.,  30635., 523351., 523351.])]:
[array([ 0.,  0., 89.,  0.])]:[array([  26690.,  609294.,  609294., 1792323.])]:[array([20141.,  9354.,  9354., 34195.])]:[array([ 4619.,  9298.,  9298., 26413.])]:[array([3665., 2351., 2351., 8432.])]:[array([ 5176., 25506., 25506., 57389.])]:[array([8480., 6382., 6382., 7103.])]:[array([ 4898.,  3635.,  3635., 10496.])]:[array([ 30635., 523351., 523351., 121012.])]:
[array([  0.,  89.,   0., 153.])]:[array([ 609294.,  609294., 1792323., 1792323.])]:[array([ 9354.,  9354., 34195., 34195.])]:[array([ 9298.,  9298., 26413., 26413.])]:[array([2351., 2351., 8432., 8432.])]:[array([25506., 25506., 57389., 57389.])]:[array([6382., 6382., 7103., 7103.])]:[array([ 3635.,  3635., 10496., 10496.])]:[array([523351., 523351., 121012., 121012.])]:
[array([ 89.,   0., 153.,   0.])]:[array([ 609294., 1792323., 1792323.,  607497.])]:[array([ 9354., 34195., 34195., 22012.])]:[array([ 9298., 26413., 26413., 27615.])]:[array([2351., 8432., 8432., 4417.])]:[array([25506., 57389., 57389., 14252.])]:[array([ 6382.,  7103.,  7103., 15317.])]:[array([ 3635., 10496., 10496.,  5777.])]:[array([523351., 121012., 121012., 285840.])]:
[array([  0., 153.,   0., 148.])]:[array([1792323., 1792323.,  607497.,  607497.])]:[array([34195., 34195., 22012., 22012.])]:[array([26413., 26413., 27615., 27615.])]:[array([8432., 8432., 4417., 4417.])]:[array([57389., 57389., 14252., 14252.])]:[array([ 7103.,  7103., 15317., 15317.])]:[array([10496., 10496.,  5777.,  5777.])]:[array([121012., 121012., 285840., 285840.])]:
[array([153.,   0., 148.,   0.])]:[array([1792323.,  607497.,  607497., 1510856.])]:[array([34195., 22012., 22012., 21477.])]:[array([26413., 27615., 27615.,  3571.])]:[array([8432., 4417., 4417.,  692.])]:[array([57389., 14252., 14252., 59173.])]:[array([ 7103., 15317., 15317.,  9377.])]:[array([10496.,  5777.,  5777.,  2410.])]:[array([121012., 285840., 285840.,  50760.])]:
[array([  0., 148.,   0., 213.])]:[array([ 607497.,  607497., 1510856., 1510856.])]:[array([22012., 22012., 21477., 21477.])]:[array([27615., 27615.,  3571.,  3571.])]:[array([4417., 4417.,  692.,  692.])]:[array([14252., 14252., 59173., 59173.])]:[array([15317., 15317.,  9377.,  9377.])]:[array([5777., 5777., 2410., 2410.])]:[array([285840., 285840.,  50760.,  50760.])]:
[array([148.,   0., 213., 144.])]:[array([ 607497., 1510856., 1510856., 1510856.])]:[array([22012., 21477., 21477., 21477.])]:[array([27615.,  3571.,  3571.,  3571.])]:[array([4417.,  692.,  692.,  692.])]:[array([14252., 59173., 59173., 59173.])]:[array([15317.,  9377.,  9377.,  9377.])]:[array([5777., 2410., 2410., 2410.])]:[array([285840.,  50760.,  50760.,  50760.])]:
[array([  0., 213., 144.,  58.])]:[array([1510856., 1510856., 1510856., 1510856.])]:[array([21477., 21477., 21477., 21477.])]:[array([3571., 3571., 3571., 3571.])]:[array([692., 692., 692., 692.])]:[array([59173., 59173., 59173., 59173.])]:[array([9377., 9377., 9377., 9377.])]:[array([2410., 2410., 2410., 2410.])]:[array([50760., 50760., 50760., 50760.])]:
[array([213., 144.,  58.,   0.])]:[array([1510856., 1510856., 1510856.,   15521.])]:[array([21477., 21477., 21477.,  2533.])]:[array([3571., 3571., 3571., 7805.])]:[array([ 692.,  692.,  692., 1564.])]:[array([59173., 59173., 59173.,  4420.])]:[array([9377., 9377., 9377., 6893.])]:[array([2410., 2410., 2410., 2314.])]:[array([50760., 50760., 50760., 22630.])]:
[array([144.,  58.,   0.,   0.])]:[array([1510856., 1510856.,   15521.,    4117.])]:[array([21477., 21477.,  2533., 17896.])]:[array([3571., 3571., 7805., 6547.])]:[array([ 692.,  692., 1564., 2608.])]:[array([59173., 59173.,  4420., 45374.])]:[array([ 9377.,  9377.,  6893., 13304.])]:[array([2410., 2410., 2314., 3145.])]:[array([50760., 50760., 22630., 38494.])]:
[array([58.,  0.,  0., 60.])]:[array([1510856.,   15521.,    4117.,    4117.])]:[array([21477.,  2533., 17896., 17896.])]:[array([3571., 7805., 6547., 6547.])]:[array([ 692., 1564., 2608., 2608.])]:[array([59173.,  4420., 45374., 45374.])]:[array([ 9377.,  6893., 13304., 13304.])]:[array([2410., 2314., 3145., 3145.])]:[array([50760., 22630., 38494., 38494.])]:
[array([ 0.,  0., 60.,  0.])]:[array([ 15521.,   4117.,   4117., 280771.])]:[array([ 2533., 17896., 17896., 12072.])]:[array([7805., 6547., 6547., 4512.])]:[array([1564., 2608., 2608., 2011.])]:[array([ 4420., 45374., 45374.,  6318.])]:[array([ 6893., 13304., 13304., 10480.])]:[array([2314., 3145., 3145., 2738.])]:[array([22630., 38494., 38494., 33969.])]:
[array([ 0., 60.,  0.,  0.])]:[array([  4117.,   4117., 280771.,  37145.])]:[array([17896., 17896., 12072.,  2334.])]:[array([6547., 6547., 4512., 1022.])]:[array([2608., 2608., 2011.,  232.])]:[array([45374., 45374.,  6318.,  1642.])]:[array([13304., 13304., 10480.,  2088.])]:[array([3145., 3145., 2738.,  998.])]:[array([38494., 38494., 33969., 10736.])]:
[array([60.,  0.,  0.,  0.])]:[array([  4117., 280771.,  37145., 110344.])]:[array([17896., 12072.,  2334., 21396.])]:[array([ 6547.,  4512.,  1022., 28400.])]:[array([2608., 2011.,  232., 6791.])]:[array([45374.,  6318.,  1642., 12875.])]:[array([13304., 10480.,  2088., 42107.])]:[array([ 3145.,  2738.,   998., 15147.])]:[array([38494., 33969., 10736., 99541.])]:
[array([  0.,   0.,   0., 199.])]:[array([280771.,  37145., 110344., 110344.])]:[array([12072.,  2334., 21396., 21396.])]:[array([ 4512.,  1022., 28400., 28400.])]:[array([2011.,  232., 6791., 6791.])]:[array([ 6318.,  1642., 12875., 12875.])]:[array([10480.,  2088., 42107., 42107.])]:[array([ 2738.,   998., 15147., 15147.])]:[array([33969., 10736., 99541., 99541.])]:
[array([  0.,   0., 199., 220.])]:[array([ 37145., 110344., 110344., 110344.])]:[array([ 2334., 21396., 21396., 21396.])]:[array([ 1022., 28400., 28400., 28400.])]:[array([ 232., 6791., 6791., 6791.])]:[array([ 1642., 12875., 12875., 12875.])]:[array([ 2088., 42107., 42107., 42107.])]:[array([  998., 15147., 15147., 15147.])]:[array([10736., 99541., 99541., 99541.])]:
[array([  0., 199., 220.,   0.])]:[array([110344., 110344., 110344., 444715.])]:[array([21396., 21396., 21396., 11504.])]:[array([28400., 28400., 28400.,  4373.])]:[array([6791., 6791., 6791.,  562.])]:[array([12875., 12875., 12875.,  4928.])]:[array([42107., 42107., 42107.,  3610.])]:[array([15147., 15147., 15147.,   350.])]:[array([99541., 99541., 99541., 88146.])]:
[array([199., 220.,   0.,   0.])]:[array([110344., 110344., 444715.,  32606.])]:[array([21396., 21396., 11504.,  6501.])]:[array([28400., 28400.,  4373.,  6466.])]:[array([6791., 6791.,  562., 2370.])]:[array([12875., 12875.,  4928.,  1269.])]:[array([42107., 42107.,  3610., 15324.])]:[array([15147., 15147.,   350.,  3959.])]:[array([99541., 99541., 88146., 27779.])]:
[array([220.,   0.,   0., 179.])]:[array([110344., 444715.,  32606.,  32606.])]:[array([21396., 11504.,  6501.,  6501.])]:[array([28400.,  4373.,  6466.,  6466.])]:[array([6791.,  562., 2370., 2370.])]:[array([12875.,  4928.,  1269.,  1269.])]:[array([42107.,  3610., 15324., 15324.])]:[array([15147.,   350.,  3959.,  3959.])]:[array([99541., 88146., 27779., 27779.])]:
[array([  0.,   0., 179.,   0.])]:[array([444715.,  32606.,  32606., 410931.])]:[array([11504.,  6501.,  6501., 20175.])]:[array([ 4373.,  6466.,  6466., 20774.])]:[array([ 562., 2370., 2370., 1748.])]:[array([ 4928.,  1269.,  1269., 29482.])]:[array([ 3610., 15324., 15324., 20769.])]:[array([ 350., 3959., 3959., 8086.])]:[array([ 88146.,  27779.,  27779., 294625.])]:
[array([  0., 179.,   0., 115.])]:[array([ 32606.,  32606., 410931., 410931.])]:[array([ 6501.,  6501., 20175., 20175.])]:[array([ 6466.,  6466., 20774., 20774.])]:[array([2370., 2370., 1748., 1748.])]:[array([ 1269.,  1269., 29482., 29482.])]:[array([15324., 15324., 20769., 20769.])]:[array([3959., 3959., 8086., 8086.])]:[array([ 27779.,  27779., 294625., 294625.])]:
[array([179.,   0., 115.,  66.])]:[array([ 32606., 410931., 410931., 410931.])]:[array([ 6501., 20175., 20175., 20175.])]:[array([ 6466., 20774., 20774., 20774.])]:[array([2370., 1748., 1748., 1748.])]:[array([ 1269., 29482., 29482., 29482.])]:[array([15324., 20769., 20769., 20769.])]:[array([3959., 8086., 8086., 8086.])]:[array([ 27779., 294625., 294625., 294625.])]:
[array([  0., 115.,  66.,   0.])]:[array([410931., 410931., 410931., 255641.])]:[array([20175., 20175., 20175.,  9787.])]:[array([20774., 20774., 20774.,  3261.])]:[array([1748., 1748., 1748.,  801.])]:[array([29482., 29482., 29482., 12849.])]:[array([20769., 20769., 20769.,  1598.])]:[array([8086., 8086., 8086.,  399.])]:[array([294625., 294625., 294625.,  33644.])]:
[array([115.,  66.,   0.,  82.])]:[array([410931., 410931., 255641., 255641.])]:[array([20175., 20175.,  9787.,  9787.])]:[array([20774., 20774.,  3261.,  3261.])]:[array([1748., 1748.,  801.,  801.])]:[array([29482., 29482., 12849., 12849.])]:[array([20769., 20769.,  1598.,  1598.])]:[array([8086., 8086.,  399.,  399.])]:[array([294625., 294625.,  33644.,  33644.])]:
[array([66.,  0., 82.,  0.])]:[array([410931., 255641., 255641.,  99668.])]:[array([20175.,  9787.,  9787., 26875.])]:[array([20774.,  3261.,  3261., 22415.])]:[array([1748.,  801.,  801., 6657.])]:[array([29482., 12849., 12849., 54595.])]:[array([20769.,  1598.,  1598., 73455.])]:[array([8086.,  399.,  399., 5362.])]:[array([294625.,  33644.,  33644., 388548.])]:
[array([  0.,  82.,   0., 144.])]:[array([255641., 255641.,  99668.,  99668.])]:[array([ 9787.,  9787., 26875., 26875.])]:[array([ 3261.,  3261., 22415., 22415.])]:[array([ 801.,  801., 6657., 6657.])]:[array([12849., 12849., 54595., 54595.])]:[array([ 1598.,  1598., 73455., 73455.])]:[array([ 399.,  399., 5362., 5362.])]:[array([ 33644.,  33644., 388548., 388548.])]:
[array([ 82.,   0., 144., 163.])]:[array([255641.,  99668.,  99668.,  99668.])]:[array([ 9787., 26875., 26875., 26875.])]:[array([ 3261., 22415., 22415., 22415.])]:[array([ 801., 6657., 6657., 6657.])]:[array([12849., 54595., 54595., 54595.])]:[array([ 1598., 73455., 73455., 73455.])]:[array([ 399., 5362., 5362., 5362.])]:[array([ 33644., 388548., 388548., 388548.])]:
[array([  0., 144., 163.,  80.])]:[array([99668., 99668., 99668., 99668.])]:[array([26875., 26875., 26875., 26875.])]:[array([22415., 22415., 22415., 22415.])]:[array([6657., 6657., 6657., 6657.])]:[array([54595., 54595., 54595., 54595.])]:[array([73455., 73455., 73455., 73455.])]:[array([5362., 5362., 5362., 5362.])]:[array([388548., 388548., 388548., 388548.])]:
[array([144., 163.,  80.,   0.])]:[array([ 99668.,  99668.,  99668., 580621.])]:[array([26875., 26875., 26875., 74588.])]:[array([22415., 22415., 22415., 58317.])]:[array([6657., 6657., 6657., 7814.])]:[array([ 54595.,  54595.,  54595., 100278.])]:[array([73455., 73455., 73455., 75539.])]:[array([ 5362.,  5362.,  5362., 12419.])]:[array([388548., 388548., 388548., 518974.])]:
[array([163.,  80.,   0.,   0.])]:[array([ 99668.,  99668., 580621.,  12096.])]:[array([26875., 26875., 74588., 12725.])]:[array([22415., 22415., 58317.,  9064.])]:[array([6657., 6657., 7814., 4017.])]:[array([ 54595.,  54595., 100278.,    169.])]:[array([73455., 73455., 75539., 14376.])]:[array([ 5362.,  5362., 12419.,  9269.])]:[array([388548., 388548., 518974.,  13083.])]:
[array([80.,  0.,  0.,  0.])]:[array([ 99668., 580621.,  12096.,  20263.])]:[array([26875., 74588., 12725.,  6733.])]:[array([22415., 58317.,  9064., 14501.])]:[array([6657., 7814., 4017., 2748.])]:[array([ 54595., 100278.,    169.,  34431.])]:[array([73455., 75539., 14376., 12416.])]:[array([ 5362., 12419.,  9269.,  4294.])]:[array([388548., 518974.,  13083.,   7021.])]:
[array([0., 0., 0., 0.])]:[array([580621.,  12096.,  20263., 161286.])]:[array([74588., 12725.,  6733.,  1271.])]:[array([58317.,  9064., 14501.,  5506.])]:[array([7814., 4017., 2748., 9170.])]:[array([100278.,    169.,  34431.,  10946.])]:[array([75539., 14376., 12416.,  5409.])]:[array([12419.,  9269.,  4294.,  3467.])]:[array([518974.,  13083.,   7021.,  54429.])]:
